"userID","stimID","starttime","stoptime","users_stimuli_startstopID","enforceStatus"
"ER14121","0","2014-01-08 17:04:58","2014-01-08 17:09:07","1","none"
"ER14121","0","2014-01-08 17:05:02","2014-01-08 17:09:07","2","hard"
"ER14121","0","2014-01-08 17:06:12","2014-01-08 17:09:07","3","hard"
"ER14122","1","2014-01-08 17:12:14","2014-01-08 17:14:49","4","none"
"ER14122","1","2014-01-08 17:12:32","2014-01-08 17:14:49","5","hard"
"ER14123","1","2014-01-08 17:27:06","2014-01-08 17:29:45","6","none"
"ER14123","0","2014-01-08 17:29:46","2014-01-08 17:31:21","7","none"
"ER14124","1","2014-01-08 17:45:54","2014-01-08 17:48:53","8","none"
"ER14124","0","2014-01-08 17:49:03","2014-01-08 17:50:44","9","none"
"ER14125","1","2014-01-08 19:00:08","2014-01-08 19:02:25","10","none"
"ER14125","1","2014-01-08 19:00:17","2014-01-08 19:02:25","11","hard"
"ER14125","1","2014-01-08 19:01:13","2014-01-08 19:02:25","12","hard"
"ER14128","1","2014-01-08 19:33:05","2014-01-08 19:35:26","13","none"
"ER14128","0","2014-01-08 19:36:24","2014-01-08 19:46:43","14","none"
"ER14128","0","2014-01-08 19:44:00","2014-01-08 19:46:43","15","none"
"ER14129","1","2014-01-09 07:24:35","2014-01-09 07:26:52","16","none"
"moj103","1","2014-01-09 10:06:36","2014-01-09 10:09:14","23","none"
"moj102","1","2014-01-09 09:50:39","2014-01-09 09:53:26","22","none"
"moj101","1","2014-01-09 09:45:28","2014-01-09 09:48:34","21","none"
"moj104","1","2014-01-09 10:19:13","2014-01-09 10:22:15","24","none"
"moj104","1","2014-01-09 10:19:33","2014-01-09 10:22:15","25","hard"
"moj106","1","2014-01-09 11:13:44","2014-01-09 11:16:38","26","none"
"moj108","1","2014-01-09 11:41:41","2014-01-09 11:45:53","27","none"
"moj108","1","2014-01-09 11:42:01","2014-01-09 11:45:53","28","none"
"moj108","1","2014-01-09 11:42:27","2014-01-09 11:45:53","29","hard"
"moj109","1","2014-01-09 11:57:37","2014-01-09 11:59:03","30","none"
"moj1010","1","2014-01-09 12:08:54","2014-01-09 12:13:26","31","none"
"moj1010","1","2014-01-09 12:11:24","2014-01-09 12:13:26","32","hard"
"moj1011","1","2014-01-09 12:17:01","2014-01-09 12:20:22","33","hard"
"moj1011","1","2014-01-09 12:18:32","2014-01-09 12:20:22","34","hard"
"ER14130","2","2014-01-09 17:23:53","2014-01-09 17:23:57","35","none"
"ER14131","0","2014-01-09 17:27:06","2014-01-09 17:28:32","36","hard"
"ER14131","1","2014-01-09 17:28:45","2014-01-09 17:30:36","37","none"
"ER14134","1","2014-01-09 17:39:52","2014-01-09 17:44:27","38","hard"
"ER14134","1","2014-01-09 17:41:25","2014-01-09 17:44:27","39","hard"
"ER14134","1","2014-01-09 17:41:40","2014-01-09 17:44:27","40","hard"
"ER14134","1","2014-01-09 17:43:13","2014-01-09 17:44:27","41","hard"
"ER14136","1","2014-01-09 17:51:51","2014-01-09 17:53:44","42","hard"
"ER14136","1","2014-01-09 17:53:47","0000-00-00 00:00:00","43","hard"
"moj10","2","2014-01-09 19:59:46","0000-00-00 00:00:00","44","none"
"moj1033","2","2014-01-09 23:47:37","0000-00-00 00:00:00","45","none"
"ER14137","2","2014-01-10 08:05:59","2014-01-10 08:06:22","46","none"
"ER14137","2","2014-01-10 08:06:05","2014-01-10 08:06:22","47","hard"
"GM14001","0","2014-01-10 13:02:05","2014-01-10 13:03:22","48","none"
"GM14001","1","2014-01-10 13:03:38","2014-01-10 13:06:25","49","none"
"GM14002","1","2014-01-10 13:20:47","2014-01-10 13:24:59","50","none"
"GM14002","1","2014-01-10 13:23:25","2014-01-10 13:24:59","51","hard"
"GM14002","1","2014-01-10 13:23:59","2014-01-10 13:24:59","52","hard"
"GM14002","0","2014-01-10 13:25:21","2014-01-10 13:26:31","53","none"
"GM14003","0","2014-01-10 13:41:33","2014-01-10 13:43:02","54","none"
"GM14004","2","2014-01-11 00:10:57","2014-01-11 00:11:57","55","none"
"GM14005","0","2014-01-11 00:26:12","2014-01-11 00:28:52","56","none"
"GM14005","0","2014-01-11 00:27:17","2014-01-11 00:28:52","57","hard"
"GM14006","2","2014-01-11 00:52:58","2014-01-11 00:58:31","58","none"
"GM14006","2","2014-01-11 00:53:40","2014-01-11 00:58:31","59","soft"
"ER14021","2","2014-01-12 09:41:17","2014-01-12 09:42:18","60","none"
"FF14003","0","2014-01-12 16:29:50","2014-01-12 16:37:36","61","none"
"FF14003","0","2014-01-12 16:30:38","2014-01-12 16:37:36","62","hard"
"FF14003","0","2014-01-12 16:30:45","2014-01-12 16:37:36","63","hard"
"FF14003","0","2014-01-12 16:30:45","2014-01-12 16:37:36","64","hard"
"FF14003","0","2014-01-12 16:35:36","2014-01-12 16:37:36","65","hard"
"FF14003","1","2014-01-12 16:39:16","2014-01-12 16:41:00","66","none"
"ER14062","2","2014-01-12 18:31:23","2014-01-12 18:31:48","67","none"
"GM14007","0","2014-01-12 22:50:23","2014-01-12 22:51:40","68","none"
"GM14008","2","2014-01-12 23:14:00","2014-01-12 23:15:09","69","none"
"GM14008","2","2014-01-12 23:14:38","2014-01-12 23:15:09","70","hard"
"GM14009","0","2014-01-12 23:42:27","2014-01-12 23:44:37","71","none"
"GM14009","0","2014-01-12 23:43:20","2014-01-12 23:44:37","72","hard"
"GM14010","1","2014-01-12 23:59:36","2014-01-13 00:03:21","73","none"
"GM14010","1","2014-01-13 00:00:23","2014-01-13 00:03:21","74","hard"
"GM14010","1","2014-01-13 00:01:20","2014-01-13 00:03:21","75","hard"
"GM14011","0","2014-01-13 00:17:25","2014-01-13 00:19:56","76","none"
"GM14011","0","2014-01-13 00:18:36","2014-01-13 00:19:56","77","hard"
"GM14012","0","2014-01-13 00:43:20","2014-01-13 00:46:09","78","none"
"GM14012","0","2014-01-13 00:44:29","2014-01-13 00:46:09","79","hard"
"GM14014","1","2014-01-13 01:09:00","2014-01-13 01:12:18","80","none"
"GM14014","1","2014-01-13 01:10:16","2014-01-13 01:12:18","81","hard"
"GM14018","0","2014-01-13 03:33:16","2014-01-13 03:35:41","82","none"
"GM14018","1","2014-01-13 03:35:45","2014-01-13 03:37:30","83","none"
"FF14009","1","2014-01-13 04:44:21","2014-01-13 05:18:55","84","none"
"FF14009","1","2014-01-13 04:51:44","2014-01-13 05:18:55","85","hard"
"FF14009","1","2014-01-13 05:15:26","2014-01-13 05:18:55","86","hard"
"FF14009","1","2014-01-13 05:16:16","2014-01-13 05:18:55","87","hard"
"FF14009","1","2014-01-13 05:17:51","2014-01-13 05:18:55","88","hard"
"FF14009","0","2014-01-13 05:19:34","2014-01-13 05:21:27","89","none"
"FF14011","0","2014-01-13 06:36:18","2014-01-13 06:38:49","90","none"
"GO14001","0","2014-01-13 11:30:10","2014-01-13 11:31:58","91","none"
"GO14001","1","2014-01-13 11:32:21","2014-01-13 11:36:03","92","none"
"GO14001","1","2014-01-13 11:33:24","2014-01-13 11:36:03","93","hard"
"GO14001","1","2014-01-13 11:34:22","2014-01-13 11:36:03","94","hard"
"GO14001","1","2014-01-13 11:34:33","2014-01-13 11:36:03","95","hard"
"GO14110","1","2014-01-13 13:45:11","2014-01-13 13:49:20","96","none"
"GO14110","1","2014-01-13 13:47:30","2014-01-13 13:49:20","97","hard"
"FF14004","0","2014-01-13 14:59:10","2014-01-13 15:01:40","98","none"
"FF14004","0","2014-01-13 15:00:07","2014-01-13 15:01:40","99","hard"
"FF14004","0","2014-01-13 15:01:30","2014-01-13 15:01:40","100","hard"
"FF14004","0","2014-01-13 15:01:39","2014-01-13 15:01:40","101","hard"
"FF14004","0","2014-01-13 15:01:43","0000-00-00 00:00:00","102","hard"
"ER14146","1","2014-01-18 09:19:46","2014-01-18 09:22:18","103","none"
"FF14170","2","2014-01-19 06:22:38","2014-01-19 06:23:13","104","none"
"FF14170","2","2014-01-19 06:22:59","2014-01-19 06:23:13","105","soft"
"FF14174","2","2014-01-19 08:51:09","2014-01-19 08:52:42","106","none"
"FF14177","1","2014-01-19 09:24:38","2014-01-19 09:29:00","107","none"
"FF14177","1","2014-01-19 09:27:21","2014-01-19 09:29:00","108","hard"
"GMNL10096","0","2014-01-20 10:33:15","2014-01-20 10:34:54","109","none"
"GMNL10096","1","2014-01-20 10:35:05","2014-01-20 10:36:41","110","none"
"SSINL2000010","2","2014-01-20 10:42:48","2014-01-20 10:43:06","111","none"
"SSINL2000018","1","2014-01-20 11:12:11","2014-01-20 11:22:21","112","none"
"SSINL2000018","1","2014-01-20 11:12:48","2014-01-20 11:22:21","113","hard"
"SSINL2000018","1","2014-01-20 11:13:24","2014-01-20 11:22:21","114","hard"
"SSINL2000018","1","2014-01-20 11:14:19","2014-01-20 11:22:21","115","hard"
"SSINL2000030","2","2014-01-20 11:20:55","2014-01-20 11:21:09","116","none"
"SSINL2000030","2","2014-01-20 11:21:03","2014-01-20 11:21:09","117","hard"
"SSINL2000030","2","2014-01-20 11:22:03","0000-00-00 00:00:00","118","hard"
"SSINL2000030","404","2014-01-20 11:22:11","0000-00-00 00:00:00","119","hard"
"GMNL10001","0","2014-01-20 11:33:21","2014-01-20 11:34:51","120","none"
"SSINL2000030","404","2014-01-20 11:39:46","0000-00-00 00:00:00","121","hard"
"SSINL2000048","2","2014-01-20 12:05:57","2014-01-20 12:07:21","122","none"
"GMNL10099","2","2014-01-20 12:35:35","2014-01-20 12:37:00","123","none"
"SSINL2000075","1","2014-01-20 13:23:47","2014-01-20 13:24:44","124","none"
"SSINL2000097","2","2014-01-20 14:10:49","2014-01-20 14:12:29","125","none"
"SSINL2000104","2","2014-01-20 14:22:56","2014-01-20 14:25:04","126","none"
"SSINL2000118","1","2014-01-20 15:01:14","2014-01-20 15:06:24","127","none"
"SSINL2000118","1","2014-01-20 15:05:08","2014-01-20 15:06:24","128","hard"
"SSINL2000145","1","2014-01-20 16:23:06","2014-01-20 16:39:02","129","none"
"SSINL2000145","1","2014-01-20 16:24:43","2014-01-20 16:39:02","130","hard"
"SSINL2000145","1","2014-01-20 16:25:31","2014-01-20 16:39:02","131","hard"
"SSINL2000145","1","2014-01-20 16:28:20","2014-01-20 16:39:02","132","hard"
"SSINL2000145","1","2014-01-20 16:30:09","2014-01-20 16:39:02","133","hard"
"SSINL2000145","1","2014-01-20 16:36:01","2014-01-20 16:39:02","134","hard"
"SSINL2000145","1","2014-01-20 16:37:33","2014-01-20 16:39:02","135","hard"
"SSINL2000145","1","2014-01-20 16:37:35","2014-01-20 16:39:02","136","hard"
"SSINL2000145","0","2014-01-20 16:40:09","2014-01-20 16:41:20","137","none"
"SSINL2000180","1","2014-01-20 18:52:50","2014-01-20 18:55:19","138","none"
"SSINL2000179","0","2014-01-20 18:53:45","2014-01-20 18:55:49","139","none"
"SSINL2000180","1","2014-01-20 18:54:02","2014-01-20 18:55:19","140","hard"
"SSINL2000187","0","2014-01-20 19:40:51","2014-01-20 19:42:30","141","none"
"SSINL2000187","1","2014-01-20 19:42:40","2014-01-20 19:49:26","142","none"
"SSINL2000191","1","2014-01-20 20:48:56","2014-01-20 20:50:08","143","none"
"SSINL2000202","2","2014-01-21 02:24:13","2014-01-21 02:24:52","144","none"
"SSINL2000202","2","2014-01-21 02:24:22","2014-01-21 02:24:52","145","hard"
"SSINL2000204","0","2014-01-21 03:03:25","2014-01-21 03:05:13","146","none"
"SSINL2000204","1","2014-01-21 03:05:19","2014-01-21 03:06:51","147","none"
"SSINL2000218","1","2014-01-21 04:02:01","2014-01-21 04:18:24","148","none"
"SSINL2000218","1","2014-01-21 04:06:53","2014-01-21 04:18:24","149","hard"
"SSINL2000218","1","2014-01-21 04:07:04","2014-01-21 04:18:24","150","hard"
"SSINL2000218","1","2014-01-21 04:08:24","2014-01-21 04:18:24","151","hard"
"SSINL2000218","404","2014-01-21 04:18:34","0000-00-00 00:00:00","152","hard"
"SSINL2000218","0","2014-01-21 04:18:38","2014-01-21 04:35:16","153","hard"
"SSINL2000218","0","2014-01-21 04:20:39","2014-01-21 04:35:16","154","hard"
"SSINL2000218","0","2014-01-21 04:24:08","2014-01-21 04:35:16","155","hard"
"SSINL2000214","0","2014-01-21 04:28:57","2014-01-21 04:35:43","156","none"
"SSINL2000218","0","2014-01-21 04:28:57","2014-01-21 04:35:16","157","hard"
"SSINL2000214","0","2014-01-21 04:29:45","2014-01-21 04:35:43","158","hard"
"SSINL2000214","0","2014-01-21 04:31:04","2014-01-21 04:35:43","159","hard"
"SSINL2000218","0","2014-01-21 04:31:07","2014-01-21 04:35:16","160","hard"
"SSINL2000218","0","2014-01-21 04:33:26","2014-01-21 04:35:16","161","hard"
"SSINL2000233","0","2014-01-21 04:40:09","2014-01-21 04:44:40","162","none"
"SSINL2000233","0","2014-01-21 04:41:08","2014-01-21 04:44:40","163","hard"
"SSINL2000233","1","2014-01-21 04:44:49","2014-01-21 04:46:52","164","none"
"SSINL2000233","1","2014-01-21 04:44:59","2014-01-21 04:46:52","165","hard"
"SSINL2000233","1","2014-01-21 04:46:19","2014-01-21 04:46:52","166","hard"
"SSINL2000236","0","2014-01-21 04:48:01","2014-01-21 04:51:09","167","none"
"SSINL2000242","1","2014-01-21 04:48:27","0000-00-00 00:00:00","168","none"
"SSINL2000236","0","2014-01-21 04:49:15","2014-01-21 04:51:09","169","hard"
"SSINL2000259","2","2014-01-21 05:12:13","2014-01-21 05:14:12","170","none"
"SSINL2000286","1","2014-01-21 06:12:31","2014-01-21 06:17:17","171","none"
"SSINL2000286","1","2014-01-21 06:13:33","2014-01-21 06:17:17","172","hard"
"SSINL2000307","1","2014-01-21 06:40:10","2014-01-21 06:42:17","173","none"
"SSINL2000308","1","2014-01-21 06:40:36","2014-01-21 06:40:58","174","none"
"SSINL2000307","1","2014-01-21 06:40:44","2014-01-21 06:42:17","175","hard"
"SSINL2000308","1","2014-01-21 06:41:16","0000-00-00 00:00:00","176","hard"
"SSINL2000307","1","2014-01-21 06:41:27","2014-01-21 06:42:17","177","hard"
"SSINL2000308","1","2014-01-21 06:41:56","0000-00-00 00:00:00","178","hard"
"SSINL2000308","1","2014-01-21 06:42:09","0000-00-00 00:00:00","179","hard"
"SSINL2000338","0","2014-01-21 07:08:46","2014-01-21 07:11:03","180","none"
"SSINL2000337","0","2014-01-21 07:16:20","2014-01-21 07:18:00","181","none"
"SSINL2000337","1","2014-01-21 07:18:12","2014-01-21 07:20:06","182","none"
"SSINL2000343","1","2014-01-21 07:19:33","2014-01-21 07:26:24","183","none"
"SSINL2000343","1","2014-01-21 07:22:56","2014-01-21 07:26:24","184","hard"
"SSINL2000343","1","2014-01-21 07:24:30","2014-01-21 07:26:24","185","hard"
"SSINL2000364","1","2014-01-21 07:55:04","2014-01-21 08:04:23","186","none"
"SSINL2000371","2","2014-01-21 07:59:44","2014-01-21 08:00:37","187","none"
"SSINL2000364","1","2014-01-21 08:01:46","2014-01-21 08:04:23","188","none"
"ER14094","0","2014-01-21 08:11:02","2014-01-21 08:12:58","189","none"
"SSINL2000406","2","2014-01-21 09:10:57","2014-01-21 09:11:27","190","none"
"SSINL2000419","0","2014-01-21 09:44:58","2014-01-21 09:46:44","191","none"
"SSINL2000419","1","2014-01-21 09:47:09","2014-01-21 09:48:15","192","none"
"SSINL2000424","1","2014-01-21 09:51:59","2014-01-21 09:55:01","193","none"
"SSINL2000423","0","2014-01-21 09:53:17","2014-01-21 09:55:18","194","none"
"SSINL2000424","1","2014-01-21 09:53:39","2014-01-21 09:55:01","195","hard"
"SSINL2000424","0","2014-01-21 09:55:10","2014-01-21 09:56:56","196","none"
"SSINL2000432","0","2014-01-21 10:03:40","2014-01-21 10:05:17","197","none"
"SSINL2000470","2","2014-01-21 11:08:29","2014-01-21 11:11:06","198","none"
"SSINL2000473","0","2014-01-21 11:19:12","2014-01-21 11:21:11","199","none"
"CINTNL3000002","0","2014-01-21 11:25:46","2014-01-21 12:04:59","200","none"
"SSINL2000479","1","2014-01-21 11:33:10","2014-01-21 11:38:06","201","none"
"SSINL2000479","1","2014-01-21 11:36:39","2014-01-21 11:38:06","202","hard"
"SSINL2000482","2","2014-01-21 11:39:58","2014-01-21 11:40:23","203","none"
"SSINL2000489","2","2014-01-21 11:57:52","2014-01-21 11:58:57","204","none"
"CINTNL3000002","1","2014-01-21 12:05:04","2014-01-21 12:07:58","205","none"
"SSINL2000495","1","2014-01-21 12:12:02","2014-01-21 12:14:11","206","none"
"SSINL2000495","1","2014-01-21 12:12:12","2014-01-21 12:14:11","207","hard"
"SSINL2000495","1","2014-01-21 12:14:06","2014-01-21 12:14:11","208","hard"
"GMNL10002","1","2014-02-02 16:26:18","2014-02-02 16:27:57","209","none"
"GMNL10003","2","2014-02-02 17:12:48","2014-02-02 17:13:10","210","none"
"GMNL10004","2","2014-02-02 17:32:53","2014-02-02 17:33:26","211","none"
"GMNL10005","1","2014-02-02 22:41:57","2014-02-02 22:43:18","212","none"
"GMNL10005","0","2014-02-02 22:43:35","2014-02-02 22:45:00","213","none"
"GMNL10006","1","2014-02-02 23:06:01","2014-02-02 23:07:05","214","none"
"GMNL10007","1","2014-02-02 23:36:27","2014-02-02 23:41:20","215","none"
"GMNL10007","1","2014-02-02 23:40:07","2014-02-02 23:41:20","216","hard"
"GMNL10008","0","2014-02-03 00:01:33","2014-02-03 00:03:12","217","none"
"GMNL10012","1","2014-02-03 01:04:15","2014-02-03 01:05:45","218","none"
"GMNL10012","0","2014-02-03 01:05:47","2014-02-03 01:07:27","219","none"
"ERNL10094","1","2014-02-03 17:45:11","2014-02-03 17:46:44","220","none"
"ERNL10094","0","2014-02-03 17:46:46","2014-02-03 17:48:14","221","none"
"GMNL10013","0","2014-02-03 23:08:02","2014-02-03 23:09:34","222","none"
"GMNL10013","1","2014-02-03 23:09:37","2014-02-03 23:12:18","223","none"
"GMNL10013","1","2014-02-03 23:10:58","2014-02-03 23:12:18","224","hard"
"GMNL10014","0","2014-02-03 23:28:39","2014-02-03 23:30:07","225","none"
"GMNL10014","1","2014-02-03 23:30:09","2014-02-03 23:32:33","226","none"
"GMNL10015","1","2014-02-04 00:03:11","2014-02-04 00:05:09","227","none"
"GMNL10015","0","2014-02-04 00:05:11","2014-02-04 00:06:32","228","none"
"GMNL10016","0","2014-02-04 00:27:52","2014-02-04 00:29:31","229","none"
"GMNL10016","1","2014-02-04 00:29:33","2014-02-04 00:31:42","230","none"
"GMNL10017","1","2014-02-04 00:44:31","2014-02-04 00:46:49","231","none"
"GMNL10017","0","2014-02-04 00:46:52","2014-02-04 00:48:27","232","none"
"GMNL10018","1","2014-02-04 01:48:22","2014-02-04 01:49:38","233","none"
"GMNL10018","0","2014-02-04 01:49:40","2014-02-04 01:50:55","234","none"
"GMNL10049","0","2014-02-04 12:33:14","2014-02-04 12:35:06","235","none"
"GMNL10049","1","2014-02-04 12:35:09","2014-02-04 12:40:36","236","none"
"GMNL10019","0","2014-02-04 12:36:14","2014-02-04 12:37:37","237","none"
"GMNL10019","1","2014-02-04 12:37:48","2014-02-04 12:53:48","238","none"
"GMNL10019","1","2014-02-04 12:41:27","2014-02-04 12:53:48","239","none"
"GMNL10019","1","2014-02-04 12:42:20","2014-02-04 12:53:48","240","hard"
"GM14100","0","2014-02-04 14:11:27","2014-02-04 14:13:09","241","none"
"GM14100","1","2014-02-04 14:13:13","2014-02-04 14:16:37","242","none"
"ERNL10095","1","2014-02-05 13:14:36","2014-02-05 13:17:08","243","none"
"ERNL10096","1","2014-02-05 13:23:05","0000-00-00 00:00:00","244","hard"
"ERNL10080","0","2014-02-06 08:19:55","2014-02-06 08:21:41","245","none"
"ERNL10080","1","2014-02-06 08:21:42","2014-02-06 08:26:08","246","none"
"ERNL10080","1","2014-02-06 08:22:56","2014-02-06 08:26:08","247","hard"
"ERNL10081","0","2014-02-06 08:31:29","2014-02-06 08:34:20","248","none"
"ERNL10081","0","2014-02-06 08:32:44","2014-02-06 08:34:20","249","hard"
"ERNL10081","1","2014-02-06 08:34:21","2014-02-06 08:39:22","250","none"
"ERNL10082","0","2014-02-06 16:51:05","2014-02-06 16:52:31","251","none"
"ERNL10082","1","2014-02-06 16:52:33","2014-02-06 16:54:06","252","none"
"ERNL10082","1","2014-02-06 16:53:44","2014-02-06 16:54:06","253","none"
"ERNL10082","1","2014-02-06 16:54:08","0000-00-00 00:00:00","254","hard"
"ERNL10083","0","2014-02-06 16:56:18","2014-02-06 16:57:39","255","none"
"ERNL10083","1","2014-02-06 16:57:40","0000-00-00 00:00:00","256","none"
"ERNL10079","0","2014-02-07 09:15:44","2014-02-07 09:17:27","257","none"
"ERNL10079","1","2014-02-07 09:17:33","2014-02-07 09:19:26","258","none"
"ERNL10078","0","2014-02-07 09:29:24","2014-02-07 09:34:20","259","none"
"ERNL10078","1","2014-02-07 09:34:21","0000-00-00 00:00:00","260","none"
"ERNL10077","1","2014-02-07 09:38:14","2014-02-07 09:40:32","261","hard"
"ERNL10077","0","2014-02-07 09:40:34","2014-02-07 09:42:29","262","none"
"ERNL10076","0","2014-02-07 09:45:52","2014-02-07 09:49:12","263","none"
"ERNL10076","1","2014-02-07 09:49:14","2014-02-07 09:56:21","264","none"
"ERNL10075","1","2014-02-07 12:38:46","2014-02-07 12:45:09","265","none"
"ERNL10075","0","2014-02-07 12:45:10","2014-02-07 12:47:03","266","none"
"ERNL10074","0","2014-02-07 12:49:36","2014-02-07 12:52:08","267","none"
"ERNL10074","1","2014-02-07 12:52:10","2014-02-07 12:54:39","268","none"
"ERNL10073","1","2014-02-09 15:26:23","2014-02-09 15:30:26","269","none"
"ERNL10073","0","2014-02-09 15:30:28","2014-02-09 15:32:38","270","none"
"ERNL10072","1","2014-02-09 15:59:49","0000-00-00 00:00:00","271","hard"
"ERNL10071","0","2014-02-09 16:02:28","2014-02-09 16:03:52","272","none"
"ERNL10071","1","2014-02-09 16:03:54","2014-02-09 17:10:00","273","none"
"ERNL10070","1","2014-02-11 11:03:44","2014-02-11 11:07:17","274","none"
"SSINL2000503","1","2014-02-11 19:17:06","2014-02-11 19:29:42","275","none"
"SSINL2000503","1","2014-02-11 19:18:44","2014-02-11 19:29:42","276","hard"
"SSINL2000503","1","2014-02-11 19:21:48","2014-02-11 19:29:42","277","hard"
"SSINL2000503","1","2014-02-11 19:23:05","2014-02-11 19:29:42","278","hard"
"SSINL2000503","1","2014-02-11 19:24:13","2014-02-11 19:29:42","279","hard"
"SSINL2000503","1","2014-02-11 19:26:18","2014-02-11 19:29:42","280","hard"
"SSINL2000503","1","2014-02-11 19:28:38","2014-02-11 19:29:42","281","hard"
"SSINL2000503","1","2014-02-11 19:28:52","2014-02-11 19:29:42","282","hard"
"SSINL2000503","1","2014-02-11 19:29:28","2014-02-11 19:29:42","283","hard"
"CINTNL3000030","1","2014-02-11 23:25:13","2014-02-11 23:26:04","284","none"
"CINTNL3000036","0","2014-02-12 00:51:51","2014-02-12 00:55:33","285","none"
"CINTNL3000036","0","2014-02-12 00:53:45","2014-02-12 00:55:33","286","hard"
"CINTNL3000055","1","2014-02-12 02:06:30","2014-02-12 02:08:34","287","none"
"CINTNL3000055","1","2014-02-12 02:07:04","2014-02-12 02:08:34","288","hard"
"SSINL2000513","2","2014-02-12 02:24:13","2014-02-12 02:24:28","289","none"
"CINTNL3000066","2","2014-02-12 02:38:37","2014-02-12 02:40:20","290","none"
"CINTNL3000074","0","2014-02-12 02:45:05","2014-02-12 02:47:50","291","none"
"CINTNL3000074","0","2014-02-12 02:46:15","2014-02-12 02:47:50","292","hard"
"CINTNL3000074","1","2014-02-12 02:47:56","2014-02-12 02:51:53","293","none"
"CINTNL3000074","1","2014-02-12 02:49:15","2014-02-12 02:51:53","294","hard"
"CINTNL3000074","1","2014-02-12 02:49:40","2014-02-12 02:51:53","295","hard"
"CINTNL3000074","1","2014-02-12 02:50:30","2014-02-12 02:51:53","296","hard"
"CINTNL3000074","1","2014-02-12 02:50:52","2014-02-12 02:51:53","297","hard"
"SSINL2000518","2","2014-02-12 03:07:28","2014-02-12 03:08:56","298","none"
"CINTNL3000088","0","2014-02-12 03:18:14","2014-02-12 03:20:05","299","none"
"CINTNL3000088","1","2014-02-12 03:20:12","2014-02-12 03:21:44","300","none"
"CINTNL3000109","0","2014-02-12 03:39:36","2014-02-12 03:48:03","301","none"
"SSINL2000524","1","2014-02-12 03:46:17","2014-02-12 03:46:41","302","none"
"SSINL2000524","1","2014-02-12 03:46:34","2014-02-12 03:46:41","303","none"
"SSINL2000524","404","2014-02-12 03:47:49","0000-00-00 00:00:00","304","hard"
"SSINL2000524","404","2014-02-12 03:47:56","0000-00-00 00:00:00","305","hard"
"SSINL2000524","404","2014-02-12 03:48:14","0000-00-00 00:00:00","306","hard"
"SSINL2000524","404","2014-02-12 03:49:10","0000-00-00 00:00:00","307","hard"
"CINTNL3000120","0","2014-02-12 03:55:06","2014-02-12 03:57:02","308","none"
"CINTNL3000126","0","2014-02-12 03:56:14","2014-02-12 03:58:05","309","none"
"CINTNL3000126","1","2014-02-12 03:58:11","2014-02-12 04:01:12","310","none"
"CINTNL3000126","1","2014-02-12 03:59:00","2014-02-12 04:01:12","311","hard"
"CINTNL3000135","0","2014-02-12 04:27:00","2014-02-12 04:30:34","312","none"
"CINTNL3000135","0","2014-02-12 04:28:06","2014-02-12 04:30:34","313","hard"
"CINTNL3000135","404","2014-02-12 04:29:55","0000-00-00 00:00:00","314","hard"
"CINTNL3000135","404","2014-02-12 04:30:28","0000-00-00 00:00:00","315","hard"
"CINTNL3000135","404","2014-02-12 04:30:32","0000-00-00 00:00:00","316","hard"
"SSINL2000533","2","2014-02-12 04:34:15","2014-02-12 04:37:25","317","none"
"CINTNL3000142","0","2014-02-12 04:40:04","2014-02-12 04:41:57","318","none"
"SSINL2000548","1","2014-02-12 04:49:45","2014-02-12 08:55:14","319","none"
"SSINL2000548","1","2014-02-12 04:51:40","2014-02-12 08:55:14","320","hard"
"CINTNL3000151","0","2014-02-12 04:55:39","2014-02-12 04:57:34","321","none"
"CINTNL3000158","0","2014-02-12 05:12:09","2014-02-12 05:14:03","322","none"
"CINTNL3000158","0","2014-02-12 05:12:30","2014-02-12 05:14:03","323","hard"
"SSINL2000558","1","2014-02-12 05:18:03","2014-02-12 05:20:08","324","none"
"SSINL2000558","1","2014-02-12 05:18:27","2014-02-12 05:20:08","325","none"
"SSINL2000558","0","2014-02-12 05:20:13","2014-02-12 05:22:02","326","none"
"SSINL2000553","0","2014-02-12 05:20:35","2014-02-12 05:23:34","327","none"
"CINTNL3000160","2","2014-02-12 05:23:30","2014-02-12 05:25:25","328","none"
"CINTNL3000193","2","2014-02-12 05:46:43","2014-02-12 05:47:06","329","none"
"CINTNL3000203","1","2014-02-12 06:03:00","2014-02-12 06:06:36","330","none"
"CINTNL3000203","0","2014-02-12 06:06:38","2014-02-12 06:12:33","331","none"
"CINTNL3000203","0","2014-02-12 06:06:58","2014-02-12 06:12:33","332","hard"
"CINTNL3000203","0","2014-02-12 06:09:46","2014-02-12 06:12:33","333","hard"
"SSINL2000586","1","2014-02-12 06:31:06","2014-02-12 06:33:39","334","none"
"SSINL2000586","1","2014-02-12 06:32:22","2014-02-12 06:33:39","335","hard"
"SSINL2000586","0","2014-02-12 06:33:53","2014-02-12 06:36:06","336","none"
"CINTNL3000219","2","2014-02-12 06:39:00","2014-02-12 06:39:45","337","none"
"SSINL2000589","1","2014-02-12 06:46:06","2014-02-12 06:48:08","338","none"
"CINTNL3000239","1","2014-02-12 07:14:15","2014-02-12 07:19:08","339","none"
"CINTNL3000239","1","2014-02-12 07:15:08","2014-02-12 07:19:08","340","hard"
"CINTNL3000239","1","2014-02-12 07:16:27","2014-02-12 07:19:08","341","hard"
"SSINL2000608","2","2014-02-12 07:16:59","2014-02-12 07:17:52","342","none"
"CINTNL3000239","1","2014-02-12 07:17:14","2014-02-12 07:19:08","343","hard"
"CINTNL3000239","1","2014-02-12 07:17:49","2014-02-12 07:19:08","344","hard"
"CINTNL3000254","0","2014-02-12 07:52:48","2014-02-12 07:55:22","345","none"
"CINTNL3000278","2","2014-02-12 08:43:50","0000-00-00 00:00:00","346","none"
"CINTNL3000278","2","2014-02-12 08:43:57","0000-00-00 00:00:00","347","none"
"CINTNL3000278","2","2014-02-12 08:44:03","0000-00-00 00:00:00","348","none"
"CINTNL3000278","2","2014-02-12 08:46:54","0000-00-00 00:00:00","349","none"
"CINTNL3000278","404","2014-02-12 08:47:26","0000-00-00 00:00:00","350","none"
"SSINL2000548","1","2014-02-12 08:54:52","2014-02-12 08:55:14","351","hard"
"SSINL2000642","0","2014-02-12 09:07:03","2014-02-12 09:08:50","352","none"
"SSINL2000642","1","2014-02-12 09:09:00","2014-02-12 09:12:41","353","none"
"SSINL2000642","1","2014-02-12 09:09:35","2014-02-12 09:12:41","354","hard"
"SSINL2000642","1","2014-02-12 09:10:00","2014-02-12 09:12:41","355","hard"
"SSINL2000642","1","2014-02-12 09:11:18","2014-02-12 09:12:41","356","hard"
"SSINL2000637","0","2014-02-12 09:15:00","2014-02-12 09:17:07","357","none"
"SSINL2000637","1","2014-02-12 09:17:51","2014-02-12 09:24:11","358","none"
"SSINL2000637","1","2014-02-12 09:19:11","2014-02-12 09:24:11","359","none"
"SSINL2000637","1","2014-02-12 09:20:51","2014-02-12 09:24:11","360","hard"
"SSINL2000637","1","2014-02-12 09:22:01","2014-02-12 09:24:11","361","hard"
"SSINL2000637","1","2014-02-12 09:22:53","2014-02-12 09:24:11","362","hard"
"SSINL2000641","1","2014-02-12 09:42:46","2014-02-12 09:49:17","363","none"
"SSINL2000641","0","2014-02-12 09:49:52","2014-02-12 09:52:00","364","none"
"SSINL2000654","2","2014-02-12 10:05:39","2014-02-12 10:06:52","365","none"
"SSINL2000657","1","2014-02-12 10:16:06","2014-02-12 10:19:15","366","none"
"CINTNL3000317","0","2014-02-12 11:18:12","2014-02-12 11:20:10","367","none"
"SSINL2000683","1","2014-02-12 11:24:44","2014-02-12 11:30:17","368","none"
"SSINL2000683","1","2014-02-12 11:25:49","2014-02-12 11:30:17","369","hard"
"SSINL2000683","1","2014-02-12 11:27:52","2014-02-12 11:30:17","370","hard"
"CINTNL3000344","2","2014-02-12 11:39:54","2014-02-12 11:42:50","371","none"
"CINTNL3000352","0","2014-02-12 11:42:52","2014-02-12 11:45:29","372","none"
"CINTNL3000366","0","2014-02-12 11:46:43","2014-02-12 11:48:20","373","none"
"CINTNL3000366","1","2014-02-12 11:48:37","2014-02-12 11:52:06","374","none"
"CINTNL3000366","1","2014-02-12 11:49:29","2014-02-12 11:52:06","375","hard"
"CINTNL3000385","404","2014-02-12 11:55:39","0000-00-00 00:00:00","376","none"
"CINTNL3000385","404","2014-02-12 11:55:53","0000-00-00 00:00:00","377","none"
"CINTNL3000385","404","2014-02-12 11:56:04","0000-00-00 00:00:00","378","hard"
"CINTNL3000396","1","2014-02-12 11:56:57","2014-02-12 12:01:42","379","none"
"CINTNL3000408","2","2014-02-12 11:57:08","2014-02-12 11:57:52","380","none"
"CINTNL3000396","1","2014-02-12 11:57:17","2014-02-12 12:01:42","381","hard"
"CINTNL3000399","2","2014-02-12 11:59:34","2014-02-12 12:01:07","382","none"
"CINTNL3000396","1","2014-02-12 11:59:51","2014-02-12 12:01:42","383","hard"
"CINTNL3000385","404","2014-02-12 12:00:08","0000-00-00 00:00:00","384","none"
"SSINL2000690","1","2014-02-12 12:02:15","2014-02-12 12:06:55","385","none"
"SSINL2000690","1","2014-02-12 12:03:40","2014-02-12 12:06:55","386","hard"
"SSINL2000690","1","2014-02-12 12:04:01","2014-02-12 12:06:55","387","hard"
"SSINL2000690","1","2014-02-12 12:05:04","2014-02-12 12:06:55","388","hard"
"CINTNL3000385","404","2014-02-12 12:07:31","0000-00-00 00:00:00","389","none"
"CINTNL3000419","0","2014-02-12 12:09:57","2014-02-12 12:11:17","390","none"
"CINTNL3000385","404","2014-02-12 12:11:47","0000-00-00 00:00:00","391","none"
"CINTNL3000427","0","2014-02-12 12:20:58","2014-02-12 12:22:50","392","none"
"CINTNL3000427","1","2014-02-12 12:22:59","2014-02-12 12:36:38","393","none"
"CINTNL3000441","1","2014-02-12 12:24:50","2014-02-12 12:26:03","394","none"
"CINTNL3000462","2","2014-02-12 12:27:01","2014-02-12 12:28:20","395","none"
"CINTNL3000475","0","2014-02-12 12:29:28","2014-02-12 12:31:16","396","none"
"CINTNL3000485","1","2014-02-12 12:30:56","2014-02-12 12:36:53","397","none"
"CINTNL3000427","1","2014-02-12 12:31:31","2014-02-12 12:36:38","398","none"
"CINTNL3000485","1","2014-02-12 12:33:50","2014-02-12 12:36:53","399","hard"
"CINTNL3000485","1","2014-02-12 12:35:03","2014-02-12 12:36:53","400","hard"
"CINTNL3000489","1","2014-02-12 12:36:49","2014-02-12 12:39:43","401","none"
"CINTNL3000489","1","2014-02-12 12:38:29","2014-02-12 12:39:43","402","hard"
"CINTNL3000510","2","2014-02-12 12:41:54","2014-02-12 12:42:52","403","none"
"CINTNL3000438","2","2014-02-12 12:45:20","2014-02-12 12:46:32","404","none"
"CINTNL3000536","2","2014-02-12 12:50:11","2014-02-12 12:51:45","405","none"
"CINTNL3000520","1","2014-02-12 12:53:30","2014-02-12 12:56:31","406","none"
"CINTNL3000520","1","2014-02-12 12:55:23","2014-02-12 12:56:31","407","hard"
"CINTNL3000570","0","2014-02-12 13:05:57","2014-02-12 13:07:50","408","none"
"CINTNL3000570","0","2014-02-12 13:07:45","2014-02-12 13:07:50","409","hard"
"CINTNL3000578","0","2014-02-12 13:16:34","2014-02-12 13:18:26","410","none"
"CINTNL3000597","1","2014-02-12 13:23:24","2014-02-12 13:26:56","411","none"
"CINTNL3000597","1","2014-02-12 13:24:20","2014-02-12 13:26:56","412","hard"
"CINTNL3000597","1","2014-02-12 13:25:13","2014-02-12 13:26:56","413","hard"
"CINTNL3000593","0","2014-02-12 13:25:19","2014-02-12 13:27:13","414","none"
"CINTNL3000611","2","2014-02-12 13:25:37","2014-02-12 13:27:06","415","none"
"CINTNL3000611","2","2014-02-12 13:26:20","2014-02-12 13:27:06","416","none"
"CINTNL3000611","2","2014-02-12 13:26:39","2014-02-12 13:27:06","417","hard"
"CINTNL3000334","2","2014-02-12 13:42:54","2014-02-12 13:43:14","418","none"
"CINTNL3000633","2","2014-02-12 13:49:11","0000-00-00 00:00:00","419","none"
"CINTNL3000628","0","2014-02-12 13:50:51","2014-02-12 13:53:03","420","none"
"CINTNL3000633","2","2014-02-12 13:51:20","0000-00-00 00:00:00","421","none"
"CINTNL3000619","1","2014-02-12 13:56:23","2014-02-12 13:59:53","422","none"
"CINTNL3000619","1","2014-02-12 13:58:40","2014-02-12 13:59:53","423","hard"
"CINTNL3000670","0","2014-02-12 14:06:44","2014-02-12 14:08:31","424","none"
"CINTNL3000671","1","2014-02-12 14:09:56","2014-02-12 14:20:18","425","none"
"CINTNL3000685","1","2014-02-12 14:17:01","2014-02-12 14:27:28","426","none"
"CINTNL3000671","1","2014-02-12 14:17:03","2014-02-12 14:20:18","427","none"
"CINTNL3000671","1","2014-02-12 14:17:14","2014-02-12 14:20:18","428","hard"
"CINTNL3000685","1","2014-02-12 14:17:16","2014-02-12 14:27:28","429","none"
"CINTNL3000685","1","2014-02-12 14:18:23","2014-02-12 14:27:28","430","hard"
"CINTNL3000685","1","2014-02-12 14:18:36","2014-02-12 14:27:28","431","hard"
"CINTNL3000637","0","2014-02-12 14:22:10","2014-02-12 14:23:51","432","none"
"CINTNL3000685","1","2014-02-12 14:22:32","2014-02-12 14:27:28","433","hard"
"CINTNL3000704","2","2014-02-12 14:24:18","2014-02-12 14:25:31","434","none"
"CINTNL3000704","2","2014-02-12 14:24:27","2014-02-12 14:25:31","435","hard"
"CINTNL3000704","2","2014-02-12 14:24:40","2014-02-12 14:25:31","436","hard"
"CINTNL3000685","1","2014-02-12 14:24:46","2014-02-12 14:27:28","437","hard"
"CINTNL3000685","1","2014-02-12 14:24:58","2014-02-12 14:27:28","438","hard"
"CINTNL3000685","1","2014-02-12 14:25:59","2014-02-12 14:27:28","439","hard"
"CINTNL3000709","1","2014-02-12 14:33:33","2014-02-12 14:37:45","440","none"
"CINTNL3000709","1","2014-02-12 14:34:48","2014-02-12 14:37:45","441","hard"
"CINTNL3000709","1","2014-02-12 14:36:20","2014-02-12 14:37:45","442","hard"
"CINTNL3000709","1","2014-02-12 14:36:34","2014-02-12 14:37:45","443","hard"
"CINTNL3000610","1","2014-02-12 14:41:44","2014-02-12 14:47:10","444","none"
"SSINL2000685","1","2014-02-12 14:43:41","2014-02-12 14:46:25","445","none"
"SSINL2000685","1","2014-02-12 14:44:26","2014-02-12 14:46:25","446","hard"
"SSINL2000685","1","2014-02-12 14:44:51","2014-02-12 14:46:25","447","hard"
"CINTNL3000610","1","2014-02-12 14:45:40","2014-02-12 14:47:10","448","hard"
"CINTNL3000610","1","2014-02-12 14:45:52","2014-02-12 14:47:10","449","hard"
"CINTNL3000742","2","2014-02-12 15:16:55","2014-02-12 15:17:54","450","none"
"CINTNL3000740","2","2014-02-12 15:32:32","2014-02-12 15:35:13","451","none"
"CINTNL3000761","0","2014-02-12 15:44:42","2014-02-12 15:47:32","452","none"
"CINTNL3000761","1","2014-02-12 15:47:50","2014-02-12 15:51:23","453","none"
"CINTNL3000781","1","2014-02-12 16:12:09","2014-02-12 16:18:30","454","none"
"CINTNL3000781","1","2014-02-12 16:14:28","2014-02-12 16:18:30","455","hard"
"CINTNL3000795","1","2014-02-12 16:28:23","2014-02-12 16:33:39","456","none"
"CINTNL3000795","1","2014-02-12 16:29:42","2014-02-12 16:33:39","457","hard"
"CINTNL3000795","1","2014-02-12 16:30:18","2014-02-12 16:33:39","458","hard"
"CINTNL3000795","1","2014-02-12 16:31:00","2014-02-12 16:33:39","459","hard"
"CINTNL3000816","2","2014-02-12 16:50:33","2014-02-12 16:51:25","460","none"
"CINTNL3000838","1","2014-02-12 17:59:51","2014-02-12 18:05:29","461","none"
"CINTNL3000838","1","2014-02-12 18:02:52","2014-02-12 18:05:29","462","hard"
"CINTNL3000838","1","2014-02-12 18:03:22","2014-02-12 18:05:29","463","hard"
"CINTNL3000838","1","2014-02-12 18:04:20","2014-02-12 18:05:29","464","hard"
"CINTNL3000838","0","2014-02-12 18:05:39","2014-02-12 18:08:50","465","none"
"CINTNL3000848","0","2014-02-12 18:52:32","2014-02-12 18:54:30","466","none"
"CINTNL3000848","0","2014-02-12 18:53:12","2014-02-12 18:54:30","467","hard"
"CINTNL3000859","1","2014-02-12 20:25:50","2014-02-12 20:45:40","468","none"
"CINTNL3000859","1","2014-02-12 20:28:29","2014-02-12 20:45:40","469","hard"
"CINTNL3000859","1","2014-02-12 20:34:06","2014-02-12 20:45:40","470","hard"
"CINTNL3000859","1","2014-02-12 20:38:48","2014-02-12 20:45:40","471","hard"
"CINTNL3000859","1","2014-02-12 20:39:10","2014-02-12 20:45:40","472","hard"
"CINTNL3000859","1","2014-02-12 20:39:33","2014-02-12 20:45:40","473","hard"
"CINTNL3000859","0","2014-02-12 20:45:45","2014-02-12 20:48:56","474","none"
"CINTNL3000869","0","2014-02-13 01:46:26","2014-02-13 01:48:47","475","none"
"CINTNL3000869","1","2014-02-13 01:49:04","2014-02-13 01:50:00","476","none"
"CINTNL3000883","2","2014-02-13 02:53:45","2014-02-13 02:54:57","477","none"
"CINTNL3000909","1","2014-02-13 04:04:25","2014-02-13 04:08:05","478","none"
"CINTNL3000909","1","2014-02-13 04:04:59","2014-02-13 04:08:05","479","hard"
"CINTNL3000909","1","2014-02-13 04:05:59","2014-02-13 04:08:05","480","hard"
"CINTNL3000912","0","2014-02-13 04:06:45","2014-02-13 04:08:48","481","none"
"CINTNL3000933","2","2014-02-13 05:05:57","2014-02-13 05:09:01","482","none"
"CINTNL3000964","0","2014-02-13 06:40:11","2014-02-13 06:44:50","483","none"
"CINTNL3000949","2","2014-02-13 06:42:33","0000-00-00 00:00:00","484","none"
"CINTNL3000964","1","2014-02-13 06:44:57","2014-02-13 06:48:02","485","none"
"CINTNL3000949","2","2014-02-13 06:45:12","0000-00-00 00:00:00","486","none"
"CINTNL3000949","2","2014-02-13 06:47:06","0000-00-00 00:00:00","487","none"
"CINTNL3000949","2","2014-02-13 06:47:26","0000-00-00 00:00:00","488","none"
"CINTNL3000969","0","2014-02-13 06:50:39","2014-02-13 06:53:34","489","none"
"CINTNL3000974","0","2014-02-13 06:57:03","2014-02-13 06:58:51","490","none"
"CINTNL3000974","1","2014-02-13 06:58:54","2014-02-13 07:01:16","491","none"
"CINTNL3000974","1","2014-02-13 06:59:39","2014-02-13 07:01:16","492","hard"
"CINTNL3001030","1","2014-02-13 10:45:20","2014-02-13 11:05:45","493","none"
"CINTNL3001030","1","2014-02-13 10:45:41","2014-02-13 11:05:45","494","hard"
"CINTNL3001030","1","2014-02-13 10:46:07","2014-02-13 11:05:45","495","hard"
"CINTNL3001030","1","2014-02-13 10:46:28","2014-02-13 11:05:45","496","hard"
"CINTNL3001030","1","2014-02-13 10:47:05","2014-02-13 11:05:45","497","hard"
"CINTNL3001030","1","2014-02-13 10:48:06","2014-02-13 11:05:45","498","hard"
"CINTNL3001030","1","2014-02-13 11:04:10","2014-02-13 11:05:45","499","none"
"CINTNL3001030","1","2014-02-13 11:04:26","2014-02-13 11:05:45","500","hard"
"CINTNL3001041","1","2014-02-13 11:24:17","2014-02-13 11:27:15","501","none"
"CINTNL3001041","1","2014-02-13 11:25:06","2014-02-13 11:27:15","502","hard"
"CINTNL3001041","1","2014-02-13 11:26:06","2014-02-13 11:27:15","503","hard"
"CINTNL3001041","1","2014-02-13 11:26:58","2014-02-13 11:27:15","504","hard"
"CINTNL3001053","0","2014-02-13 13:05:22","2014-02-13 13:07:03","505","none"
"CINTNL3001095","1","2014-02-13 15:02:39","2014-02-13 15:07:11","506","none"
"CINTNL3001095","1","2014-02-13 15:04:18","2014-02-13 15:07:11","507","hard"
"CINTNL3001095","1","2014-02-13 15:05:48","2014-02-13 15:07:11","508","hard"
"CINTNL3001095","0","2014-02-13 15:07:23","2014-02-13 15:09:21","509","none"
"CINTNL3001119","0","2014-02-13 16:13:14","2014-02-13 16:17:18","510","none"
"CINTNL3001119","1","2014-02-13 16:15:31","2014-02-13 16:17:17","511","none"
"CINTNL3001119","1","2014-02-13 16:16:48","2014-02-13 16:17:17","512","hard"
"CINTNL3001140","0","2014-02-14 03:21:34","2014-02-14 03:23:25","513","none"
"CINTNL3001186","0","2014-02-14 10:25:38","2014-02-14 10:27:37","514","none"
"CINTNL3001199","1","2014-02-14 12:17:19","2014-02-14 12:20:53","515","none"
"CINTNL3001199","1","2014-02-14 12:18:24","2014-02-14 12:20:53","516","hard"
"CINTNL3001199","1","2014-02-14 12:18:51","2014-02-14 12:20:53","517","hard"
"CINTNL3001199","1","2014-02-14 12:19:21","2014-02-14 12:20:53","518","hard"
"CINTNL3001206","1","2014-02-14 14:38:48","2014-02-14 14:44:39","519","none"
"CINTNL3001206","1","2014-02-14 14:40:21","2014-02-14 14:44:39","520","hard"
"CINTNL3001206","1","2014-02-14 14:41:22","2014-02-14 14:44:39","521","hard"
"CINTNL3001206","1","2014-02-14 14:41:34","2014-02-14 14:44:39","522","hard"
"CINTNL3001249","0","2014-02-15 08:58:33","2014-02-15 09:00:26","523","none"
"CINTNL3001256","2","2014-02-15 11:05:16","2014-02-15 11:10:58","524","none"
"CINTNL3001274","0","2014-02-16 04:35:41","2014-02-16 04:40:44","525","none"
"CINTNL3001274","1","2014-02-16 04:40:51","2014-02-16 04:44:40","526","none"
"CINTNL3001274","1","2014-02-16 04:41:23","2014-02-16 04:44:40","527","none"
"CINTNL3001274","1","2014-02-16 04:42:36","2014-02-16 04:44:40","528","hard"
"CINTNL3001302","1","2014-02-16 16:24:10","2014-02-16 16:32:44","529","none"
"CINTNL3001302","1","2014-02-16 16:31:08","2014-02-16 16:32:44","530","hard"
"CINTNL3001302","1","2014-02-16 16:32:02","2014-02-16 16:32:44","531","hard"
"CINTNL3001305","1","2014-02-16 19:09:58","2014-02-16 19:22:22","532","none"
"CINTNL3001305","1","2014-02-16 19:12:39","2014-02-16 19:22:22","533","hard"
"CINTNL3001305","1","2014-02-16 19:13:02","2014-02-16 19:22:22","534","hard"
"CINTNL3001305","1","2014-02-16 19:13:22","2014-02-16 19:22:22","535","hard"
"CINTNL3001305","1","2014-02-16 19:17:52","2014-02-16 19:22:22","536","hard"
"CINTNL3001305","1","2014-02-16 19:18:44","2014-02-16 19:22:22","537","hard"
"CINTNL3001305","1","2014-02-16 19:20:58","2014-02-16 19:22:22","538","hard"
"CINTNL3001306","2","2014-02-16 19:53:28","2014-02-16 19:53:53","539","none"
"2141124","0","2014-02-17 12:01:59","2014-02-17 12:05:59","540","none"
"GO14194","0","2014-02-17 16:12:42","2014-02-17 16:14:40","541","none"
"GO14194","1","2014-02-17 16:14:44","2014-02-17 16:16:56","542","none"
"GO14194","1","2014-02-17 16:15:40","2014-02-17 16:16:56","543","hard"
"CINTNL3001337","0","2014-02-18 03:33:09","2014-02-18 03:37:22","544","none"
"CINTNL3001337","0","2014-02-18 03:33:46","2014-02-18 03:37:22","545","none"
"CINTNL3001384","1","2014-02-18 12:11:34","2014-02-18 12:21:00","546","none"
"CINTNL3001384","1","2014-02-18 12:14:18","2014-02-18 12:21:00","547","hard"
"CINTNL3001384","1","2014-02-18 12:18:06","2014-02-18 12:21:00","548","hard"
"CINTNL3001384","1","2014-02-18 12:18:25","2014-02-18 12:21:00","549","hard"
"CINTNL3001384","0","2014-02-18 12:21:12","2014-02-18 12:23:06","550","none"
"CINTNL3001390","1","2014-02-18 12:30:46","2014-02-18 12:36:17","551","none"
"CINTNL3001390","1","2014-02-18 12:31:11","2014-02-18 12:36:17","552","none"
"CINTNL3001393","2","2014-02-18 12:31:44","2014-02-18 12:31:56","553","none"
"CINTNL3001390","1","2014-02-18 12:32:36","2014-02-18 12:36:17","554","hard"
"CINTNL3001390","1","2014-02-18 12:33:35","2014-02-18 12:36:17","555","hard"
"CINTNL3001390","1","2014-02-18 12:36:15","2014-02-18 12:36:17","556","hard"
"CINTNL3001390","1","2014-02-18 12:38:26","0000-00-00 00:00:00","557","hard"
"SSINL2000703","1","2014-02-18 12:56:00","2014-02-18 12:58:05","558","none"
"SSINL2000703","1","2014-02-18 12:57:40","2014-02-18 12:58:05","559","hard"
"SSINL2000703","404","2014-02-18 12:59:03","0000-00-00 00:00:00","560","hard"
"SSINL2000703","404","2014-02-18 12:59:20","0000-00-00 00:00:00","561","hard"
"CINTNL3001419","2","2014-02-18 13:02:56","2014-02-18 13:03:24","562","none"
"CINTNL3001419","2","2014-02-18 13:03:05","2014-02-18 13:03:24","563","hard"
"CINTNL3001422","1","2014-02-18 13:05:52","2014-02-18 13:06:16","564","none"
"CINTNL3001431","0","2014-02-18 13:15:18","2014-02-18 13:17:10","565","none"
"CINTNL3001427","0","2014-02-18 13:15:40","2014-02-18 13:18:00","566","none"
"CINTNL3001429","0","2014-02-18 13:23:27","2014-02-18 13:25:27","567","none"
"CINTNL3001439","2","2014-02-18 13:30:48","2014-02-18 13:32:31","568","none"
"CINTNL3001459","1","2014-02-18 13:34:54","2014-02-18 13:38:03","569","none"
"CINTNL3001459","1","2014-02-18 13:35:35","2014-02-18 13:38:03","570","hard"
"CINTNL3001456","0","2014-02-18 13:38:22","2014-02-18 13:40:14","571","none"
"CINTNL3001463","2","2014-02-18 13:41:24","2014-02-18 13:42:26","572","none"
"CINTNL3001464","2","2014-02-18 13:49:26","2014-02-18 13:50:30","573","none"
"CINTNL3001465","0","2014-02-18 13:53:05","2014-02-18 13:54:48","574","none"
"CINTNL3001465","1","2014-02-18 13:55:08","2014-02-18 14:05:38","575","none"
"CINTNL3001465","1","2014-02-18 13:55:59","2014-02-18 14:05:38","576","hard"
"CINTNL3001465","1","2014-02-18 13:57:00","2014-02-18 14:05:38","577","hard"
"CINTNL3001515","1","2014-02-18 14:57:36","2014-02-18 14:59:28","578","none"
"CINTNL3001529","0","2014-02-18 15:49:30","2014-02-18 15:51:33","579","none"
"SSINL2000744","0","2014-02-18 15:50:16","2014-02-18 15:52:12","580","none"
"CINTNL3001529","1","2014-02-18 15:51:49","2014-02-18 15:56:38","581","none"
"CINTNL3001529","1","2014-02-18 15:54:40","2014-02-18 15:56:38","582","none"
"CINTNL3001411","2","2014-02-18 15:59:56","2014-02-18 16:18:19","583","none"
"SSINL2000750","2","2014-02-18 16:00:16","2014-02-18 16:08:39","584","none"
"SSINL2000752","1","2014-02-18 16:20:41","2014-02-18 16:25:02","585","none"
"SSINL2000752","1","2014-02-18 16:21:45","2014-02-18 16:25:02","586","hard"
"SSINL2000752","0","2014-02-18 16:25:15","2014-02-18 16:26:59","587","none"
"CINTNL3001535","1","2014-02-18 17:39:22","2014-02-18 17:51:34","588","none"
"CINTNL3001535","1","2014-02-18 17:45:55","2014-02-18 17:51:34","589","hard"
"CINTNL3001535","1","2014-02-18 17:48:31","2014-02-18 17:51:34","590","hard"
"CINTNL3001535","1","2014-02-18 17:49:33","2014-02-18 17:51:34","591","hard"
"SSINL2000768","0","2014-02-18 19:36:39","2014-02-18 19:39:02","592","none"
"SSINL2000768","0","2014-02-18 19:38:24","2014-02-18 19:39:02","593","hard"
"SSINL2000768","0","2014-02-18 19:38:45","2014-02-18 19:39:02","594","hard"
"SSINL2000768","404","2014-02-18 19:39:00","0000-00-00 00:00:00","595","hard"
"SSINL2000770","2","2014-02-18 20:41:49","2014-02-18 20:42:51","596","none"
"CINTNL3001567","1","2014-02-18 20:54:39","2014-02-18 20:59:19","597","none"
"CINTNL3001567","1","2014-02-18 20:58:12","2014-02-18 20:59:19","598","hard"
"CINTNL3001575","2","2014-02-19 01:22:55","2014-02-19 01:23:23","599","none"
"CINTNL3001581","0","2014-02-19 02:42:26","2014-02-19 02:47:33","600","none"
"CINTNL3001581","1","2014-02-19 02:47:41","2014-02-19 02:50:37","601","none"
"CINTNL3001581","1","2014-02-19 02:48:40","2014-02-19 02:50:37","602","hard"
"SSINL2000799","2","2014-02-19 04:49:57","2014-02-19 04:51:09","603","none"
"SSINL2000801","0","2014-02-19 05:05:01","2014-02-19 05:09:42","604","none"
"SSINL2000801","0","2014-02-19 05:06:52","2014-02-19 05:09:42","605","hard"
"SSINL2000806","2","2014-02-19 05:27:17","2014-02-19 05:28:21","606","none"
"SSINL2000831","1","2014-02-19 06:51:48","2014-02-19 06:56:35","607","none"
"SSINL2000831","1","2014-02-19 06:52:43","2014-02-19 06:56:35","608","hard"
"SSINL2000841","2","2014-02-19 06:54:17","2014-02-19 06:55:41","609","none"
"SSINL2000841","2","2014-02-19 06:54:31","2014-02-19 06:55:41","610","hard"
"SSINL2000831","1","2014-02-19 06:54:50","2014-02-19 06:56:35","611","hard"
"SSINL2000831","1","2014-02-19 06:55:34","2014-02-19 06:56:35","612","hard"
"SSINL2000842","1","2014-02-19 06:57:37","2014-02-19 06:59:39","613","none"
"SSINL2000853","2","2014-02-19 07:44:52","2014-02-19 07:45:09","614","none"
"CINTNL3001630","2","2014-02-19 08:14:35","2014-02-19 08:14:48","615","none"
"SSINL2000874","0","2014-02-19 10:00:00","2014-02-19 10:06:02","616","none"
"SSINL2000874","0","2014-02-19 10:01:41","2014-02-19 10:06:02","617","hard"
"SSINL2000874","0","2014-02-19 10:04:28","2014-02-19 10:06:02","618","hard"
"SSINL2000881","0","2014-02-19 10:06:05","0000-00-00 00:00:00","619","none"
