"userid","segment","cell","timestamp","done","doneTime"
"ER14121","3","2","2014-01-08 17:09:44","True","2014-01-08 17:09:44"
"ER14122","3","3","2014-01-08 17:18:48","True","2014-01-08 17:18:48"
"ER14123","2","4","2014-01-08 17:42:43","True","2014-01-08 17:42:43"
"ER14124","1","4","2014-01-08 17:51:22","True","2014-01-08 17:51:22"
"12412421313","0","0","2014-01-08 17:54:26",,"2014-01-08 17:54:26"
"12313","0","0","2014-01-08 18:55:02","True","2014-01-08 18:55:02"
"ER14125","4","3","2014-01-08 19:02:25","True","2014-01-08 19:02:25"
"ER14128","3","4","2014-01-08 19:46:43","True","2014-01-08 19:46:43"
"ER14129","2","3","2014-01-09 07:26:52","True","2014-01-09 07:26:52"
"moj106","3","3","2014-01-09 11:13:36",,"2014-01-09 11:13:36"
"moj104","3","3","2014-01-09 10:18:48",,"2014-01-09 10:18:48"
"moj103","3","3","2014-01-09 10:06:15",,"2014-01-09 10:06:15"
"moj102","3","3","2014-01-09 09:53:27","True","2014-01-09 09:53:27"
"moj101","3","3","2014-01-09 09:48:35","True","2014-01-09 09:48:35"
"moj107","3","3","2014-01-09 11:40:14",,"2014-01-09 11:40:14"
"moj108","3","3","2014-01-09 11:41:28",,"2014-01-09 11:41:28"
"moj109","3","3","2014-01-09 11:57:26",,"2014-01-09 11:57:26"
"moj1010","3","3","2014-01-09 12:08:44",,"2014-01-09 12:08:44"
"moj1011","3","3","2014-01-09 12:16:55",,"2014-01-09 12:16:55"
"ER14130","2","1","2014-01-09 17:22:13",,"2014-01-09 17:22:13"
"ER14131","2","4","2014-01-09 17:30:37","True","2014-01-09 17:30:37"
"ER14132","4","1","2014-01-09 17:33:37",,"2014-01-09 17:33:37"
"ER14133","4","1","2014-01-09 17:37:17",,"2014-01-09 17:37:17"
"ER14134","4","4","2014-01-09 17:39:46",,"2014-01-09 17:39:46"
"ER14135","2","1","2014-01-09 17:49:35",,"2014-01-09 17:49:35"
"ER14136","3","3","2014-01-09 17:51:47",,"2014-01-09 17:51:47"
"moj1022","2","1","2014-01-09 19:53:23",,"2014-01-09 19:53:23"
"moj10","2","1","2014-01-09 19:59:34",,"2014-01-09 19:59:34"
"moj1033","2","1","2014-01-09 23:47:25",,"2014-01-09 23:47:25"
"ER14137","4","1","2014-01-10 08:06:23","True","2014-01-10 08:06:23"
"GM14001","1","4","2014-01-10 13:06:25","True","2014-01-10 13:06:25"
"GM14002","2","4","2014-01-10 13:26:31","True","2014-01-10 13:26:31"
"GM14003","1","2","2014-01-10 13:43:02","True","2014-01-10 13:43:02"
"GM14004","1","1","2014-01-11 00:11:57","True","2014-01-11 00:11:57"
"GM14005","1","2","2014-01-11 00:28:53","True","2014-01-11 00:28:53"
"GM14006","1","1","2014-01-11 00:58:32","True","2014-01-11 00:58:32"
"ER14021","3","1","2014-01-12 09:42:18","True","2014-01-12 09:42:18"
"FF14003","3","4","2014-01-12 16:41:01","True","2014-01-12 16:41:01"
"ER14062","3","1","2014-01-12 18:31:54","True","2014-01-12 18:31:54"
"GM14007","1","2","2014-01-12 22:51:40","True","2014-01-12 22:51:40"
"GM14008","1","1","2014-01-12 23:15:09","True","2014-01-12 23:15:09"
"GM14009","1","2","2014-01-12 23:44:37","True","2014-01-12 23:44:37"
"GM14010","2","3","2014-01-13 00:03:21","True","2014-01-13 00:03:21"
"GM14011","3","2","2014-01-13 00:19:56","True","2014-01-13 00:19:56"
"GM14012","4","2","2014-01-13 00:46:09","True","2014-01-13 00:46:09"
"GM14014","1","3","2014-01-13 01:12:19","True","2014-01-13 01:12:19"
"GM14018","3","4","2014-01-13 03:37:30","True","2014-01-13 03:37:30"
"FF14009","1","4","2014-01-13 05:21:28","True","2014-01-13 05:21:28"
"FF14011","1","2","2014-01-13 06:38:50","True","2014-01-13 06:38:50"
"GO14001","2","4","2014-01-13 11:36:03","True","2014-01-13 11:36:03"
"GO14110","4","3","2014-01-13 13:49:21","True","2014-01-13 13:49:21"
"FF14004","4","2","2014-01-13 14:59:05",,"2014-01-13 14:59:05"
"2223423324324422013","2","3","2014-01-13 16:54:03",,"2014-01-13 16:54:03"
"2223423422013","2","3","2014-01-14 03:14:57",,"2014-01-14 03:14:57"
"ER14146","4","3","2014-01-18 09:22:19","True","2014-01-18 09:22:19"
"FF14170","4","1","2014-01-19 06:23:13","True","2014-01-19 06:23:13"
"FF14174","2","1","2014-01-19 08:52:43","True","2014-01-19 08:52:43"
"FF14177","2","3","2014-01-19 09:29:00","True","2014-01-19 09:29:00"
"CINTNL3150000","1","3","2014-01-19 18:13:09",,"2014-01-19 18:13:09"
"GMNL10096","3","4","2014-01-20 10:36:42","True","2014-01-20 10:36:42"
"SSINL2000010","3","1","2014-01-20 10:43:11","True","2014-01-20 10:43:11"
"SSINL2000018","3","3","2014-01-20 11:22:22","True","2014-01-20 11:22:22"
"SSINL2000030","1","1","2014-01-20 11:20:47",,"2014-01-20 11:20:47"
"GMNL10001","2","2","2014-01-20 11:34:51","True","2014-01-20 11:34:51"
"SSINL2000048","2","1","2014-01-20 12:07:21","True","2014-01-20 12:07:21"
"GMNL10099","4","1","2014-01-20 12:37:00","True","2014-01-20 12:37:00"
"SSINL2000075","3","3","2014-01-20 13:23:40",,"2014-01-20 13:23:40"
"SSINL2000097","2","1","2014-01-20 14:12:30","True","2014-01-20 14:12:30"
"SSINL2000104","3","1","2014-01-20 14:25:05","True","2014-01-20 14:25:05"
"SSINL2000118","2","3","2014-01-20 15:06:27","True","2014-01-20 15:06:27"
"SSINL2000145","2","4","2014-01-20 16:41:22","True","2014-01-20 16:41:22"
"SSINL2000180","3","3","2014-01-20 18:55:20","True","2014-01-20 18:55:20"
"SSINL2000179","4","2","2014-01-20 18:55:51","True","2014-01-20 18:55:51"
"SSINL2000187","3","4","2014-01-20 19:49:27","True","2014-01-20 19:49:27"
"SSINL2000191","3","3","2014-01-20 20:50:09","True","2014-01-20 20:50:09"
"SSINL2000202","4","1","2014-01-21 02:24:59","True","2014-01-21 02:24:59"
"SSINL2000204","3","4","2014-01-21 03:06:52","True","2014-01-21 03:06:52"
"SSINL2000214","1","2","2014-01-21 04:35:43","True","2014-01-21 04:35:43"
"SSINL2000218","4","4","2014-01-21 04:01:53",,"2014-01-21 04:01:53"
"SSINL2000233","3","4","2014-01-21 04:40:03",,"2014-01-21 04:40:03"
"SSINL2000236","4","2","2014-01-21 04:51:09","True","2014-01-21 04:51:09"
"SSINL2000242","4","3","2014-01-21 04:48:22",,"2014-01-21 04:48:22"
"SSINL2000259","2","1","2014-01-21 05:14:13","True","2014-01-21 05:14:13"
"SSINL2000286","2","3","2014-01-21 06:12:15",,"2014-01-21 06:12:15"
"SSINL2000307","2","3","2014-01-21 06:39:57",,"2014-01-21 06:39:57"
"SSINL2000308","1","3","2014-01-21 06:40:05",,"2014-01-21 06:40:05"
"SSINL2000338","3","2","2014-01-21 07:11:04","True","2014-01-21 07:11:04"
"SSINL2000337","3","4","2014-01-21 07:20:08","True","2014-01-21 07:20:08"
"SSINL2000343","2","4","2014-01-21 07:19:08",,"2014-01-21 07:19:08"
"SSINL2000364","2","3","2014-01-21 08:04:26","True","2014-01-21 08:04:26"
"SSINL2000371","3","1","2014-01-21 08:00:38","True","2014-01-21 08:00:38"
"ER14094","2","2","2014-01-21 08:12:58","True","2014-01-21 08:12:58"
"SSINL2000406","2","1","2014-01-21 09:11:32","True","2014-01-21 09:11:32"
"SSINL2000419","4","4","2014-01-21 09:44:28",,"2014-01-21 09:44:28"
"SSINL2000424","1","4","2014-01-21 09:56:56","True","2014-01-21 09:56:56"
"SSINL2000423","4","2","2014-01-21 09:55:19","True","2014-01-21 09:55:19"
"SSINL2000432","3","2","2014-01-21 10:05:18","True","2014-01-21 10:05:18"
"SSINL2000470","2","1","2014-01-21 11:11:07","True","2014-01-21 11:11:07"
"SSINL2000473","2","2","2014-01-21 11:21:12","True","2014-01-21 11:21:12"
"CINTNL3000002","1","4","2014-01-21 12:07:59","True","2014-01-21 12:07:59"
"SSINL2000479","3","3","2014-01-21 11:38:08","True","2014-01-21 11:38:08"
"SSINL2000482","3","1","2014-01-21 11:40:33","True","2014-01-21 11:40:33"
"SSINL2000489","1","1","2014-01-21 11:58:58","True","2014-01-21 11:58:58"
"SSINL2000495","2","4","2014-01-21 12:11:41",,"2014-01-21 12:11:41"
"GMNL10002","2","3","2014-02-02 16:27:57","True","2014-02-02 16:27:57"
"GMNL10003","1","1","2014-02-02 17:13:17","True","2014-02-02 17:13:17"
"GMNL10004","1","1","2014-02-02 17:33:27","True","2014-02-02 17:33:27"
"GMNL10005","3","4","2014-02-02 22:45:01","True","2014-02-02 22:45:01"
"GMNL10006","4","3","2014-02-02 23:07:06","True","2014-02-02 23:07:06"
"GMNL10007","1","3","2014-02-02 23:41:21","True","2014-02-02 23:41:21"
"GMNL10008","2","2","2014-02-03 00:03:12","True","2014-02-03 00:03:12"
"GMNL10009","4","3","2014-02-03 00:41:18",,"2014-02-03 00:41:18"
"GMNL10010","4","1","2014-02-03 00:47:32",,"2014-02-03 00:47:32"
"GMNL10012","4","4","2014-02-03 01:07:27","True","2014-02-03 01:07:27"
"ERNL10094","2","4","2014-02-03 17:48:14","True","2014-02-03 17:48:14"
"GMNL10013","1","4","2014-02-03 23:12:18","True","2014-02-03 23:12:18"
"GMNL10014","2","4","2014-02-03 23:32:33","True","2014-02-03 23:32:33"
"GMNL10015","3","4","2014-02-04 00:06:32","True","2014-02-04 00:06:32"
"GMNL10016","4","4","2014-02-04 00:31:42","True","2014-02-04 00:31:42"
"GMNL10017","1","4","2014-02-04 00:48:27","True","2014-02-04 00:48:27"
"GMNL10018","1","4","2014-02-04 01:50:55","True","2014-02-04 01:50:55"
"GMNL10049","2","4","2014-02-04 12:40:37","True","2014-02-04 12:40:37"
"GMNL10019","3","4","2014-02-04 12:53:49","True","2014-02-04 12:53:49"
"GM14100","4","4","2014-02-04 14:16:38","True","2014-02-04 14:16:38"
"ERNL10095","4","4","2014-02-05 13:14:32",,"2014-02-05 13:14:32"
"ERNL10096","1","4","2014-02-05 13:23:03",,"2014-02-05 13:23:03"
"ERNL10080","3","4","2014-02-06 08:26:09","True","2014-02-06 08:26:09"
"ERNL10081","1","4","2014-02-06 08:39:23","True","2014-02-06 08:39:23"
"ERNL10082","4","4","2014-02-06 16:51:02",,"2014-02-06 16:51:02"
"ERNL10083","2","4","2014-02-06 16:56:15",,"2014-02-06 16:56:15"
"undefined","0","0","2014-02-07 09:12:08","True","2014-02-07 09:12:08"
"ERNL10079","3","4","2014-02-07 09:19:27","True","2014-02-07 09:19:27"
"ERNL10078","3","4","2014-02-07 09:29:19",,"2014-02-07 09:29:19"
"ERNL10077","1","4","2014-02-07 09:42:30","True","2014-02-07 09:42:30"
"ERNL10076","1","4","2014-02-07 09:56:22","True","2014-02-07 09:56:22"
"ERNL10075","1","4","2014-02-07 12:47:03","True","2014-02-07 12:47:03"
"ERNL10074","3","4","2014-02-07 12:54:39","True","2014-02-07 12:54:39"
"ERNL10073","4","4","2014-02-09 15:32:38","True","2014-02-09 15:32:38"
"ERNL10072","1","4","2014-02-09 15:59:45",,"2014-02-09 15:59:45"
"ERNL10071","1","4","2014-02-09 17:10:01","True","2014-02-09 17:10:01"
"ERNL10070","4","3","2014-02-11 11:07:17","True","2014-02-11 11:07:17"
"SSINL2000503","3","3","2014-02-11 19:16:44",,"2014-02-11 19:16:44"
"CINTNL3000030","3","3","2014-02-11 23:25:04",,"2014-02-11 23:25:04"
"CINTNL3000036","3","2","2014-02-12 00:55:34","True","2014-02-12 00:55:34"
"CINTNL3000055","2","3","2014-02-12 02:08:34","True","2014-02-12 02:08:34"
"SSINL2000513","4","1","2014-02-12 02:24:33","True","2014-02-12 02:24:33"
"CINTNL3000066","1","1","2014-02-12 02:40:21","True","2014-02-12 02:40:21"
"CINTNL3000074","3","4","2014-02-12 02:44:53",,"2014-02-12 02:44:53"
"SSINL2000518","2","1","2014-02-12 03:08:56","True","2014-02-12 03:08:56"
"CINTNL3000088","1","4","2014-02-12 03:21:44","True","2014-02-12 03:21:44"
"CINTNL3000109","4","2","2014-02-12 03:48:05","True","2014-02-12 03:48:05"
"SSINL2000524","2","3","2014-02-12 03:46:12",,"2014-02-12 03:46:12"
"CINTNL3000120","2","2","2014-02-12 03:57:03","True","2014-02-12 03:57:03"
"CINTNL3000126","3","4","2014-02-12 04:01:13","True","2014-02-12 04:01:13"
"CINTNL3000135","1","2","2014-02-12 04:26:49",,"2014-02-12 04:26:49"
"SSINL2000533","2","1","2014-02-12 04:37:26","True","2014-02-12 04:37:26"
"CINTNL3000142","3","2","2014-02-12 04:41:57","True","2014-02-12 04:41:57"
"SSINL2000548","3","4","2014-02-12 04:49:38",,"2014-02-12 04:49:38"
"CINTNL3000151","3","4","2014-02-12 04:57:40","True","2014-02-12 04:57:40"
"CINTNL3000158","4","2","2014-02-12 05:14:05","True","2014-02-12 05:14:05"
"SSINL2000558","1","4","2014-02-12 05:22:03","True","2014-02-12 05:22:03"
"SSINL2000553","3","2","2014-02-12 05:23:35","True","2014-02-12 05:23:35"
"CINTNL3000160","1","1","2014-02-12 05:25:26","True","2014-02-12 05:25:26"
"CINTNL3000193","3","1","2014-02-12 05:47:12","True","2014-02-12 05:47:12"
"CINTNL3000203","1","4","2014-02-12 06:12:34","True","2014-02-12 06:12:34"
"SSINL2000586","2","4","2014-02-12 06:36:07","True","2014-02-12 06:36:07"
"CINTNL3000219","2","1","2014-02-12 06:39:45","True","2014-02-12 06:39:45"
"SSINL2000589","2","3","2014-02-12 06:48:08","True","2014-02-12 06:48:08"
"CINTNL3000239","4","3","2014-02-12 07:19:15","True","2014-02-12 07:19:15"
"SSINL2000608","1","1","2014-02-12 07:17:53","True","2014-02-12 07:17:53"
"CINTNL3000254","2","2","2014-02-12 07:55:25","True","2014-02-12 07:55:25"
"CINTNL3000278","2","1","2014-02-12 08:47:34","True","2014-02-12 08:47:34"
"SSINL2000642","4","4","2014-02-12 09:12:42","True","2014-02-12 09:12:42"
"SSINL2000637","4","4","2014-02-12 09:31:27","True","2014-02-12 09:31:27"
"SSINL2000641","1","4","2014-02-12 09:52:01","True","2014-02-12 09:52:01"
"SSINL2000654","2","1","2014-02-12 10:06:54","True","2014-02-12 10:06:54"
"SSINL2000657","2","3","2014-02-12 10:19:15","True","2014-02-12 10:19:15"
"CINTNL3000317","2","2","2014-02-12 11:20:11","True","2014-02-12 11:20:11"
"SSINL2000683","2","3","2014-02-12 11:30:18","True","2014-02-12 11:30:18"
"CINTNL3000344","2","1","2014-02-12 11:42:50","True","2014-02-12 11:42:50"
"CINTNL3000352","2","2","2014-02-12 11:45:30","True","2014-02-12 11:45:30"
"CINTNL3000366","3","4","2014-02-12 11:52:06","True","2014-02-12 11:52:06"
"CINTNL3000373","4","2","2014-02-12 11:48:06",,"2014-02-12 11:48:06"
"CINTNL3000385","3","1","2014-02-12 11:55:03",,"2014-02-12 11:55:03"
"CINTNL3000396","1","3","2014-02-12 11:56:46",,"2014-02-12 11:56:46"
"CINTNL3000408","2","1","2014-02-12 11:57:53","True","2014-02-12 11:57:53"
"CINTNL3000399","2","1","2014-02-12 12:01:07","True","2014-02-12 12:01:07"
"SSINL2000690","2","3","2014-02-12 12:06:58","True","2014-02-12 12:06:58"
"CINTNL3000419","1","2","2014-02-12 12:11:18","True","2014-02-12 12:11:18"
"CINTNL3000427","1","4","2014-02-12 12:20:29",,"2014-02-12 12:20:29"
"CINTNL3000441","3","3","2014-02-12 12:26:04","True","2014-02-12 12:26:04"
"CINTNL3000462","2","1","2014-02-12 12:28:21","True","2014-02-12 12:28:21"
"CINTNL3000475","3","2","2014-02-12 12:31:18","True","2014-02-12 12:31:18"
"CINTNL3000485","3","3","2014-02-12 12:36:54","True","2014-02-12 12:36:54"
"CINTNL3000489","1","3","2014-02-12 12:39:44","True","2014-02-12 12:39:44"
"CINTNL3000510","2","1","2014-02-12 12:42:53","True","2014-02-12 12:42:53"
"CINTNL3000438","2","1","2014-02-12 12:46:33","True","2014-02-12 12:46:33"
"CINTNL3000536","1","1","2014-02-12 12:51:42","True","2014-02-12 12:51:42"
"CINTNL3000520","4","3","2014-02-12 12:56:32","True","2014-02-12 12:56:32"
"CINTNL3000570","2","2","2014-02-12 13:05:49",,"2014-02-12 13:05:49"
"CINTNL3000578","1","2","2014-02-12 13:18:27","True","2014-02-12 13:18:27"
"CINTNL3000584","2","3","2014-02-12 13:18:58",,"2014-02-12 13:18:58"
"CINTNL3000597","3","3","2014-02-12 13:26:57","True","2014-02-12 13:26:57"
"CINTNL3000593","3","2","2014-02-12 13:27:14","True","2014-02-12 13:27:14"
"CINTNL3000611","4","1","2014-02-12 13:27:09","True","2014-02-12 13:27:09"
"CINTNL3000334","3","1","2014-02-12 13:43:24","True","2014-02-12 13:43:24"
"CINTNL3000633","2","1","2014-02-12 13:48:44",,"2014-02-12 13:48:44"
"CINTNL3000628","2","2","2014-02-12 13:53:03","True","2014-02-12 13:53:03"
"CINTNL3000619","3","3","2014-02-12 13:59:54","True","2014-02-12 13:59:54"
"CINTNL3000670","4","2","2014-02-12 14:08:35","True","2014-02-12 14:08:35"
"CINTNL3000671","2","3","2014-02-12 14:20:18","True","2014-02-12 14:20:18"
"CINTNL3000685","3","3","2014-02-12 14:27:30","True","2014-02-12 14:27:30"
"CINTNL3000637","1","2","2014-02-12 14:23:52","True","2014-02-12 14:23:52"
"CINTNL3000704","2","1","2014-02-12 14:25:31","True","2014-02-12 14:25:31"
"CINTNL3000709","4","3","2014-02-12 14:37:46","True","2014-02-12 14:37:46"
"CINTNL3000610","2","3","2014-02-12 14:47:10","True","2014-02-12 14:47:10"
"SSINL2000685","2","3","2014-02-12 14:43:17",,"2014-02-12 14:43:17"
"CINTNL3000742","3","1","2014-02-12 15:17:56","True","2014-02-12 15:17:56"
"CINTNL3000740","2","1","2014-02-12 15:35:14","True","2014-02-12 15:35:14"
"CINTNL3000761","1","4","2014-02-12 15:51:25","True","2014-02-12 15:51:25"
"CINTNL3000781","2","3","2014-02-12 16:18:33","True","2014-02-12 16:18:33"
"CINTNL3000795","3","3","2014-02-12 16:33:42","True","2014-02-12 16:33:42"
"CINTNL3000816","2","1","2014-02-12 16:51:25","True","2014-02-12 16:51:25"
"CINTNL3000838","1","4","2014-02-12 18:08:51","True","2014-02-12 18:08:51"
"CINTNL3000848","3","2","2014-02-12 18:54:32","True","2014-02-12 18:54:32"
"CINTNL3000859","1","4","2014-02-12 20:48:57","True","2014-02-12 20:48:57"
"CINTNL3000869","2","4","2014-02-13 01:46:08",,"2014-02-13 01:46:08"
"CINTNL3000883","2","1","2014-02-13 02:54:58","True","2014-02-13 02:54:58"
"CINTNL3000909","2","3","2014-02-13 04:08:07","True","2014-02-13 04:08:07"
"CINTNL3000912","3","2","2014-02-13 04:08:49","True","2014-02-13 04:08:49"
"CINTNL3000933","3","1","2014-02-13 05:09:03","True","2014-02-13 05:09:03"
"CINTNL3000964","2","4","2014-02-13 06:48:03","True","2014-02-13 06:48:03"
"CINTNL3000949","2","1","2014-02-13 06:47:48","True","2014-02-13 06:47:48"
"CINTNL3000969","2","2","2014-02-13 06:53:35","True","2014-02-13 06:53:35"
"CINTNL3000974","2","4","2014-02-13 07:01:19","True","2014-02-13 07:01:19"
"CINTNL3001030","4","3","2014-02-13 11:05:47","True","2014-02-13 11:05:47"
"CINTNL3001041","2","3","2014-02-13 11:23:49",,"2014-02-13 11:23:49"
"CINTNL3001053","2","2","2014-02-13 13:07:04","True","2014-02-13 13:07:04"
"CINTNL3001095","2","4","2014-02-13 15:09:22","True","2014-02-13 15:09:22"
"CINTNL3001119","1","4","2014-02-13 16:17:19","True","2014-02-13 16:17:19"
"CINTNL3001140","2","2","2014-02-14 03:23:26","True","2014-02-14 03:23:26"
"CINTNL3001186","3","2","2014-02-14 10:27:38","True","2014-02-14 10:27:38"
"CINTNL3001199","3","3","2014-02-14 12:20:54","True","2014-02-14 12:20:54"
"CINTNL3001206","3","3","2014-02-14 14:44:41","True","2014-02-14 14:44:41"
"CINTNL3001249","2","2","2014-02-15 09:00:27","True","2014-02-15 09:00:27"
"CINTNL3001256","3","1","2014-02-15 11:10:59","True","2014-02-15 11:10:59"
"CINTNL3001274","2","4","2014-02-16 04:44:41","True","2014-02-16 04:44:41"
"CINTNL3001302","4","3","2014-02-16 16:22:36",,"2014-02-16 16:22:36"
"CINTNL3001305","3","3","2014-02-16 19:22:24","True","2014-02-16 19:22:24"
"CINTNL3001306","4","1","2014-02-16 19:54:03","True","2014-02-16 19:54:03"
"2141124","4","2","2014-02-17 12:05:59","True","2014-02-17 12:05:59"
"GO14194","4","4","2014-02-17 16:16:57","True","2014-02-17 16:16:57"
"CINTNL3001337","3","2","2014-02-18 03:37:23","True","2014-02-18 03:37:23"
"CINTNL3001384","1","4","2014-02-18 12:23:08","True","2014-02-18 12:23:08"
"CINTNL3001390","2","3","2014-02-18 12:30:23",,"2014-02-18 12:30:23"
"CINTNL3001393","3","1","2014-02-18 12:32:00","True","2014-02-18 12:32:00"
"SSINL2000703","2","4","2014-02-18 12:55:34",,"2014-02-18 12:55:34"
"CINTNL3001419","1","1","2014-02-18 13:03:29","True","2014-02-18 13:03:29"
"CINTNL3001422","3","3","2014-02-18 13:05:42",,"2014-02-18 13:05:42"
"CINTNL3001431","1","2","2014-02-18 13:17:12","True","2014-02-18 13:17:12"
"CINTNL3001427","2","2","2014-02-18 13:18:03","True","2014-02-18 13:18:03"
"CINTNL3001429","3","2","2014-02-18 13:25:27","True","2014-02-18 13:25:27"
"CINTNL3001439","2","1","2014-02-18 13:32:34","True","2014-02-18 13:32:34"
"CINTNL3001459","2","3","2014-02-18 13:38:04","True","2014-02-18 13:38:04"
"CINTNL3001456","4","2","2014-02-18 13:40:14","True","2014-02-18 13:40:14"
"CINTNL3001463","4","1","2014-02-18 13:42:27","True","2014-02-18 13:42:27"
"CINTNL3001464","2","1","2014-02-18 13:50:30","True","2014-02-18 13:50:30"
"CINTNL3001465","2","4","2014-02-18 14:05:39","True","2014-02-18 14:05:39"
"CINTNL3001515","3","3","2014-02-18 14:59:29","True","2014-02-18 14:59:29"
"CINTNL3001529","2","4","2014-02-18 15:56:39","True","2014-02-18 15:56:39"
"SSINL2000744","3","2","2014-02-18 15:52:12","True","2014-02-18 15:52:12"
"CINTNL3001411","2","1","2014-02-18 16:18:20","True","2014-02-18 16:18:20"
"SSINL2000750","1","1","2014-02-18 16:08:43","True","2014-02-18 16:08:43"
"SSINL2000752","1","4","2014-02-18 16:27:00","True","2014-02-18 16:27:00"
"CINTNL3001535","3","3","2014-02-18 17:51:35","True","2014-02-18 17:51:35"
"SSINL2000768","2","4","2014-02-18 19:36:27",,"2014-02-18 19:36:27"
"SSINL2000770","1","1","2014-02-18 20:42:51","True","2014-02-18 20:42:51"
"CINTNL3001567","3","3","2014-02-18 20:59:20","True","2014-02-18 20:59:20"
"CINTNL3001575","1","1","2014-02-19 01:23:27","True","2014-02-19 01:23:27"
"CINTNL3001581","2","4","2014-02-19 02:50:40","True","2014-02-19 02:50:40"
"SSINL2000799","3","1","2014-02-19 04:51:10","True","2014-02-19 04:51:10"
"SSINL2000801","1","2","2014-02-19 05:09:43","True","2014-02-19 05:09:43"
"SSINL2000806","2","1","2014-02-19 05:28:21","True","2014-02-19 05:28:21"
"SSINL2000831","2","3","2014-02-19 06:51:32",,"2014-02-19 06:51:32"
"SSINL2000841","2","1","2014-02-19 06:55:42","True","2014-02-19 06:55:42"
"SSINL2000842","3","3","2014-02-19 06:59:43","True","2014-02-19 06:59:43"
"SSINL2000853","2","1","2014-02-19 07:45:13","True","2014-02-19 07:45:13"
"CINTNL3001630","2","1","2014-02-19 08:14:57","True","2014-02-19 08:14:57"
"SSINL2000874","3","2","2014-02-19 10:06:03","True","2014-02-19 10:06:03"
"SSINL2000881","3","4","2014-02-19 10:05:52",,"2014-02-19 10:05:52"
"SSINL2000890","1","1","2014-02-19 10:48:48","True","2014-02-19 10:48:48"
"CINTNL3001647","1","4","2014-02-19 10:54:28",,"2014-02-19 10:54:28"
"mchlljy123","3","3","2014-02-19 11:55:21","True","2014-02-19 11:55:21"
"mchlljy1","3","3","2014-02-19 12:02:56",,"2014-02-19 12:02:56"
"mchlljy2","1","4","2014-02-19 12:14:03","True","2014-02-19 12:14:03"
"SSINL2000912","3","3","2014-02-19 12:14:49",,"2014-02-19 12:14:49"
"SSINL2000913","3","2","2014-02-19 12:24:00","True","2014-02-19 12:24:00"
"mchlljy3","3","3","2014-02-19 12:36:14","True","2014-02-19 12:36:14"
"mchlljy4","3","3","2014-02-19 12:50:56","True","2014-02-19 12:50:56"
"SSINL2000936","1","2","2014-02-19 13:31:28",,"2014-02-19 13:31:28"
"mchlljy5","3","3","2014-02-19 13:32:00",,"2014-02-19 13:32:00"
"mchlljy6","1","3","2014-02-19 13:32:32",,"2014-02-19 13:32:32"
"MIT001","1","3","2014-02-23 19:35:52","True","2014-02-23 19:35:52"
"SSINL2000934","4","2","2014-02-19 13:37:24","True","2014-02-19 13:37:24"
"SSINL2000935","3","1","2014-02-19 13:38:02","True","2014-02-19 13:38:02"
"michellej","1","4","2014-02-20 21:36:15",,"2014-02-20 21:36:15"
"mchlljyz","1","4","2014-02-20 21:56:38",,"2014-02-20 21:56:38"
"MITYaseminDebug","1","3","2014-02-20 22:11:19",,"2014-02-20 22:11:19"
"mchlljyzy","1","4","2014-02-20 22:34:55",,"2014-02-20 22:34:55"
"mchlljyzz","3","3","2014-02-20 22:37:54",,"2014-02-20 22:37:54"
"test123","3","3","2014-02-20 23:14:57",,"2014-02-20 23:14:57"
"test12","3","3","2014-02-20 23:18:14",,"2014-02-20 23:18:14"
"test1","3","3","2014-02-20 23:20:07",,"2014-02-20 23:20:07"
"test2","3","3","2014-02-20 23:22:27",,"2014-02-20 23:22:27"
"test4","3","3","2014-02-20 23:44:19",,"2014-02-20 23:44:19"
"test5","3","3","2014-02-20 23:46:27",,"2014-02-20 23:46:27"
"ERNL10068","1","4","2014-02-21 02:22:23","True","2014-02-21 02:22:23"
"ERNL10067","1","2","2014-02-21 02:24:35",,"2014-02-21 02:24:35"
"ERNL10066","3","4","2014-02-21 02:43:01","True","2014-02-21 02:43:01"
"ERNL10065","1","1","2014-02-21 02:48:33",,"2014-02-21 02:48:33"
"ERNL10064","1","4","2014-02-21 03:01:29","True","2014-02-21 03:01:29"
"GMNL10021","1","1","2014-02-22 01:13:06","True","2014-02-22 01:13:06"
"GMNL10022","1","3","2014-02-22 01:20:50","True","2014-02-22 01:20:50"
"GMNL10023","1","1","2014-02-22 01:37:45","True","2014-02-22 01:37:45"
"GMNL10024","1","1","2014-02-22 01:44:27","True","2014-02-22 01:44:27"
"GMNL10025","1","3","2014-02-22 01:52:24","True","2014-02-22 01:52:24"
"GMNL10026","1","4","2014-02-22 02:31:21","True","2014-02-22 02:31:21"
"GMNL10027","2","2","2014-02-22 02:47:30","True","2014-02-22 02:47:30"
"GMNL10028","2","4","2014-02-22 03:00:51","True","2014-02-22 03:00:51"
"GMNL10029","1","4","2014-02-22 21:41:15","True","2014-02-22 21:41:15"
"GMNL10030","2","4","2014-02-22 21:57:22","True","2014-02-22 21:57:22"
"GMNL10031","3","4","2014-02-22 22:22:59","True","2014-02-22 22:22:59"
"GMNL10032","4","4","2014-02-22 22:37:43","True","2014-02-22 22:37:43"
"GMNL10033","1","4","2014-02-22 23:02:02","True","2014-02-22 23:02:02"
"GMNL10034","2","4","2014-02-22 23:15:36","True","2014-02-22 23:15:36"
"GMNL10035","2","4","2014-02-22 23:36:22","True","2014-02-22 23:36:22"
"GMNL10036","2","4","2014-02-22 23:46:02","True","2014-02-22 23:46:02"
"GMNL10037","3","4","2014-02-22 23:58:48","True","2014-02-22 23:58:48"
"GMNL10038","4","4","2014-02-23 00:20:58","True","2014-02-23 00:20:58"
"GMNL10039","1","4","2014-02-23 00:39:25","True","2014-02-23 00:39:25"
"GMNL10040","1","4","2014-02-23 01:02:48","True","2014-02-23 01:02:48"
"mjohnsontest","2","4","2014-02-23 12:31:08",,"2014-02-23 12:31:08"
"michellejtest1","2","3","2014-02-23 12:39:19",,"2014-02-23 12:39:19"
"michellej17","3","4","2014-02-23 12:40:36",,"2014-02-23 12:40:36"
"michellej18","3","4","2014-02-23 12:46:31",,"2014-02-23 12:46:31"
"michellej19","3","4","2014-02-23 13:01:58",,"2014-02-23 13:01:58"
"michellej20","3","4","2014-02-23 13:12:16",,"2014-02-23 13:12:16"
"michellej21","3","4","2014-02-23 13:17:45",,"2014-02-23 13:17:45"
"michellej22","3","4","2014-02-23 13:22:00",,"2014-02-23 13:22:00"
"michellej23","3","4","2014-02-23 13:24:51",,"2014-02-23 13:24:51"
"michellej24","3","4","2014-02-23 13:26:39",,"2014-02-23 13:26:39"
"michellej25","3","4","2014-02-23 13:32:05",,"2014-02-23 13:32:05"
"michellej26","3","4","2014-02-23 13:32:29",,"2014-02-23 13:32:29"
"michellej27","3","4","2014-02-23 13:32:42",,"2014-02-23 13:32:42"
"michellej28","3","4","2014-02-23 13:36:11",,"2014-02-23 13:36:11"
"michellej29","3","4","2014-02-23 13:43:18",,"2014-02-23 13:43:18"
"michellej30","3","4","2014-02-23 13:44:57",,"2014-02-23 13:44:57"
"michellej31","3","4","2014-02-23 13:45:37",,"2014-02-23 13:45:37"
"michellej32","3","4","2014-02-23 13:50:08",,"2014-02-23 13:50:08"
"michellej33","3","4","2014-02-23 13:50:38",,"2014-02-23 13:50:38"
"michellej34","3","4","2014-02-23 13:55:38",,"2014-02-23 13:55:38"
"michellej35","3","4","2014-02-23 13:55:46",,"2014-02-23 13:55:46"
"michellej36","3","4","2014-02-23 14:11:37",,"2014-02-23 14:11:37"
"michellej37","3","4","2014-02-23 15:16:56",,"2014-02-23 15:16:56"
"michellej38","3","4","2014-02-23 15:17:06",,"2014-02-23 15:17:06"
"michellej39","3","4","2014-02-23 15:17:15",,"2014-02-23 15:17:15"
"michellej40","3","4","2014-02-23 15:41:06",,"2014-02-23 15:41:06"
"michellej41","3","4","2014-02-23 15:50:27",,"2014-02-23 15:50:27"
"michellej42","3","4","2014-02-23 15:54:33",,"2014-02-23 15:54:33"
"mj1","3","4","2014-02-23 15:58:51",,"2014-02-23 15:58:51"
"mj2","3","4","2014-02-23 16:16:18",,"2014-02-23 16:16:18"
"mj3","3","4","2014-02-23 16:19:32",,"2014-02-23 16:19:32"
"mj4","3","4","2014-02-23 16:19:43",,"2014-02-23 16:19:43"
"mj5","3","4","2014-02-23 16:38:10",,"2014-02-23 16:38:10"
"mj6","3","4","2014-02-23 16:55:56",,"2014-02-23 16:55:56"
"mj7","3","4","2014-02-23 17:09:55","True","2014-02-23 17:09:55"
"mj8","3","4","2014-02-23 17:10:08",,"2014-02-23 17:10:08"
"mj9","3","4","2014-02-23 17:10:25",,"2014-02-23 17:10:25"
"mj10","3","4","2014-02-23 17:21:29",,"2014-02-23 17:21:29"
"mj11","3","4","2014-02-23 17:24:48","True","2014-02-23 17:24:48"
"mj12","3","4","2014-02-23 17:26:44",,"2014-02-23 17:26:44"
"mj13","3","4","2014-02-23 17:29:16",,"2014-02-23 17:29:16"
"mj14","3","4","2014-02-23 17:37:18",,"2014-02-23 17:37:18"
"mj15","3","4","2014-02-23 17:37:32",,"2014-02-23 17:37:32"
"mj16","3","4","2014-02-23 17:44:27",,"2014-02-23 17:44:27"
"mj17","3","4","2014-02-23 17:52:50",,"2014-02-23 17:52:50"
"mj18","3","4","2014-02-23 17:56:43",,"2014-02-23 17:56:43"
"mj19","3","4","2014-02-23 18:04:25",,"2014-02-23 18:04:25"
"mj20","3","4","2014-02-23 18:04:39",,"2014-02-23 18:04:39"
"mj21","3","4","2014-02-23 18:04:48",,"2014-02-23 18:04:48"
"mj22","3","4","2014-02-23 18:04:58",,"2014-02-23 18:04:58"
"mj23","3","4","2014-02-23 18:09:12",,"2014-02-23 18:09:12"
"mj24","3","4","2014-02-23 18:15:15",,"2014-02-23 18:15:15"
"mj25","3","4","2014-02-23 18:20:46","True","2014-02-23 18:20:46"
"mj26","3","4","2014-02-23 18:31:38",,"2014-02-23 18:31:38"
"mj27","3","4","2014-02-23 18:37:23","True","2014-02-23 18:37:23"
"mj28","3","4","2014-02-23 18:39:12",,"2014-02-23 18:39:12"
"mj29","3","4","2014-02-23 18:39:50",,"2014-02-23 18:39:50"
"testing1","1","4","2014-02-23 18:40:57",,"2014-02-23 18:40:57"
"testing2","1","4","2014-02-23 18:41:07",,"2014-02-23 18:41:07"
"testing3","3","4","2014-02-23 18:41:20",,"2014-02-23 18:41:20"
"testing4","2","4","2014-02-23 18:42:19",,"2014-02-23 18:42:19"
"testing5","2","4","2014-02-23 18:42:28",,"2014-02-23 18:42:28"
"mj31","3","4","2014-02-23 18:44:44",,"2014-02-23 18:44:44"
"mj32","3","4","2014-02-23 18:44:55",,"2014-02-23 18:44:55"
"mj33","3","4","2014-02-23 18:46:38",,"2014-02-23 18:46:38"
"mj35","3","4","2014-02-23 18:49:31",,"2014-02-23 18:49:31"
"mj36","3","4","2014-02-23 18:49:40",,"2014-02-23 18:49:40"
"mj37","3","4","2014-02-23 18:49:50",,"2014-02-23 18:49:50"
"mj38","3","4","2014-02-23 18:53:23","True","2014-02-23 18:53:23"
"mj40","3","4","2014-02-23 18:53:55",,"2014-02-23 18:53:55"
"mj41","3","4","2014-02-23 18:54:04",,"2014-02-23 18:54:04"
"mj45","3","4","2014-02-23 19:26:05",,"2014-02-23 19:26:05"
"mj46","3","4","2014-02-23 19:26:21",,"2014-02-23 19:26:21"
"mj47","3","4","2014-02-23 19:33:54",,"2014-02-23 19:33:54"
"mj50","3","4","2014-02-23 19:36:32",,"2014-02-23 19:36:32"
"mj51","3","4","2014-02-23 19:36:42",,"2014-02-23 19:36:42"
"mj55","3","4","2014-02-23 19:38:59",,"2014-02-23 19:38:59"
"mj57","3","4","2014-02-23 21:05:59","True","2014-02-23 21:05:59"
"mj60","3","4","2014-02-23 21:06:13",,"2014-02-23 21:06:13"
"mj61","3","4","2014-02-23 21:06:23",,"2014-02-23 21:06:23"
"mj62","3","4","2014-02-23 21:49:22",,"2014-02-23 21:49:22"
"GMNL10041","1","4","2014-02-24 00:07:46","True","2014-02-24 00:07:46"
"GMNL10042","2","4","2014-02-24 00:23:43","True","2014-02-24 00:23:43"
"GMNL10043","3","4","2014-02-24 00:49:14","True","2014-02-24 00:49:14"
"GMNL10044","4","4","2014-02-24 01:12:14","True","2014-02-24 01:12:14"
"GMNL10045","3","4","2014-02-24 01:33:08","True","2014-02-24 01:33:08"
"GMNL10046","3","4","2014-02-24 01:44:19","True","2014-02-24 01:44:19"
"GMNL10047","1","4","2014-02-24 19:26:00","True","2014-02-24 19:26:00"
"GMNL10048","2","4","2014-02-24 19:40:45","True","2014-02-24 19:40:45"
"ERNL10040","1","4","2014-02-25 13:57:11","True","2014-02-25 13:57:11"
"ERNL10042","3","4","2014-02-25 14:13:25","True","2014-02-25 14:13:25"
"ERNL10043","2","4","2014-02-25 14:15:30",,"2014-02-25 14:15:30"
"ERNL10044","2","4","2014-02-26 07:03:02",,"2014-02-26 07:03:02"
"ERNL10046","3","4","2014-02-26 07:12:51",,"2014-02-26 07:12:51"
"ERNL10047","1","4","2014-02-26 07:40:07",,"2014-02-26 07:40:07"
"GMNL10050","1","4","2014-02-26 09:48:54",,"2014-02-26 09:48:54"
"GMNL10051","1","4","2014-02-26 09:58:50",,"2014-02-26 09:58:50"
"GMNL10052","1","4","2014-02-26 10:05:58",,"2014-02-26 10:05:58"
"mjtest1","3","4","2014-02-26 10:18:51",,"2014-02-26 10:18:51"
"mjtest2","1","4","2014-02-26 10:19:23",,"2014-02-26 10:19:23"
"GMNL10053","1","4","2014-02-26 10:20:28",,"2014-02-26 10:20:28"
"mjtest3","1","4","2014-02-26 10:29:11",,"2014-02-26 10:29:11"
"mjtest4","1","4","2014-02-26 10:29:22",,"2014-02-26 10:29:22"
"mjtest5","1","4","2014-02-26 10:29:44",,"2014-02-26 10:29:44"
"mjtest6","1","4","2014-02-26 10:33:27",,"2014-02-26 10:33:27"
"mjtest7","1","4","2014-02-26 10:33:35",,"2014-02-26 10:33:35"
"mjtest8","1","4","2014-02-26 10:33:42",,"2014-02-26 10:33:42"
"mjtest9","1","4","2014-02-26 10:33:48",,"2014-02-26 10:33:48"
"mjtest10","1","4","2014-02-26 10:33:54",,"2014-02-26 10:33:54"
"mjtest11","1","4","2014-02-26 10:34:04",,"2014-02-26 10:34:04"
"mjtest12","1","4","2014-02-26 10:34:13",,"2014-02-26 10:34:13"
"mjtest13","1","4","2014-02-26 10:34:33",,"2014-02-26 10:34:33"
"mjtest14","1","4","2014-02-26 11:03:34",,"2014-02-26 11:03:34"
"mjtest15","1","4","2014-02-26 11:08:51","True","2014-02-26 11:08:51"
"mjtest16","1","4","2014-02-26 11:15:42","True","2014-02-26 11:15:42"
"GMNL10054","1","4","2014-02-26 13:20:39","True","2014-02-26 13:20:39"
"GMNL10055","2","4","2014-02-26 13:28:16","True","2014-02-26 13:28:16"
"GMNL10056","1","4","2014-02-26 13:38:17","True","2014-02-26 13:38:17"
"ERNL10048","1","4","2014-02-26 17:27:56","True","2014-02-26 17:27:56"
"ERNL10049","4","4","2014-02-26 18:47:31","True","2014-02-26 18:47:31"
"ERNL10050","4","4","2014-02-26 19:09:00","True","2014-02-26 19:09:00"
"ERNL10035","1","4","2014-03-02 19:06:46","True","2014-03-02 19:06:46"
"ERNL10036","4","4","2014-03-02 19:24:56","True","2014-03-02 19:24:56"
"SSINL2000966","1","1","2014-03-03 12:38:35","True","2014-03-03 12:38:35"
"SSINL2000970","4","1","2014-03-03 12:42:58","True","2014-03-03 12:42:58"
"SSINL2000969","3","2","2014-03-03 12:46:00",,"2014-03-03 12:46:00"
"SSINL2000972","3","2","2014-03-03 13:20:41","True","2014-03-03 13:20:41"
"SSINL2000994","1","3","2014-03-03 14:14:17","True","2014-03-03 14:14:17"
"SSINL2000995","2","1","2014-03-03 14:22:26","True","2014-03-03 14:22:26"
"SSINL2001004","2","2","2014-03-03 14:53:44","True","2014-03-03 14:53:44"
"SSINL2001051","2","1","2014-03-04 04:13:33",,"2014-03-04 04:13:33"
"SSINL2001059","2","4","2014-03-04 04:56:36",,"2014-03-04 04:56:36"
"SSINL2001064","2","4","2014-03-04 05:28:30","True","2014-03-04 05:28:30"
"SSINL2001068","2","1","2014-03-04 05:24:24","True","2014-03-04 05:24:24"
"SSINL2001076","2","3","2014-03-04 06:37:03",,"2014-03-04 06:37:03"
"SSINL2001074","3","4","2014-03-04 06:38:36",,"2014-03-04 06:38:36"
"SSINL2001084","2","1","2014-03-04 08:00:59",,"2014-03-04 08:00:59"
"SSINL2001106","3","1","2014-03-04 09:20:42",,"2014-03-04 09:20:42"
"SSINL2001110","2","3","2014-03-04 09:41:55","True","2014-03-04 09:41:55"
"SSINL2001126","1","4","2014-03-04 10:10:21","True","2014-03-04 10:10:21"
"SSINL2001135","1","1","2014-03-04 10:20:19","True","2014-03-04 10:20:19"
"SSINL2001131","3","4","2014-03-04 10:22:44",,"2014-03-04 10:22:44"
"SSINL2001143","3","2","2014-03-04 10:48:48","True","2014-03-04 10:48:48"
"SSINL2001144","3","4","2014-03-04 10:56:03","True","2014-03-04 10:56:03"
"SSINL2001142","2","4","2014-03-04 11:00:14",,"2014-03-04 11:00:14"
"SSINL2001147","2","1","2014-03-04 11:01:35","True","2014-03-04 11:01:35"
"SSINL2001152","3","3","2014-03-04 11:06:54","True","2014-03-04 11:06:54"
"SSINL2001150","4","1","2014-03-04 11:05:54","True","2014-03-04 11:05:54"
"SSINL2001156","1","1","2014-03-04 11:31:13","True","2014-03-04 11:31:13"
"SSINL2001162","4","2","2014-03-04 12:03:46","True","2014-03-04 12:03:46"
"SSINL2001165","2","2","2014-03-04 12:07:08","True","2014-03-04 12:07:08"
"SSINL2001163","3","3","2014-03-04 12:08:05",,"2014-03-04 12:08:05"
"SSINL2001178","2","2","2014-03-04 13:00:27","True","2014-03-04 13:00:27"
"SSINL2001187","2","2","2014-03-04 13:11:32","True","2014-03-04 13:11:32"
"SSINL2001190","1","3","2014-03-04 13:16:51","True","2014-03-04 13:16:51"
"SSINL2001191","2","4","2014-03-04 13:27:42",,"2014-03-04 13:27:42"
"SSINL2001194","4","1","2014-03-04 13:30:55","True","2014-03-04 13:30:55"
"SSINL2001193","2","2","2014-03-04 13:37:17","True","2014-03-04 13:37:17"
"SSINL2001198","2","4","2014-03-04 13:55:09","True","2014-03-04 13:55:09"
"SSINL2001199","2","4","2014-03-04 14:15:12","True","2014-03-04 14:15:12"
"SSINL2001204","2","4","2014-03-04 14:10:33",,"2014-03-04 14:10:33"
"SSINL2001203","3","2","2014-03-04 14:23:16","True","2014-03-04 14:23:16"
"SSINL2001210","3","2","2014-03-04 14:56:05","True","2014-03-04 14:56:05"
"SSINL2001224","3","1","2014-03-04 17:07:05","True","2014-03-04 17:07:05"
"SSINL2001237","3","1","2014-03-05 04:31:58","True","2014-03-05 04:31:58"
"SSINL2001285","2","1","2014-03-05 09:36:13","True","2014-03-05 09:36:13"
"SSINL2001305","3","2","2014-03-05 10:51:35","True","2014-03-05 10:51:35"
"SSINL2001311","1","4","2014-03-05 10:58:17",,"2014-03-05 10:58:17"
"SSINL2001328","3","2","2014-03-05 14:03:54",,"2014-03-05 14:03:54"
"SSINL2001335","2","1","2014-03-05 15:03:59","True","2014-03-05 15:03:59"
"SSINL2001339","3","1","2014-03-05 15:34:51","True","2014-03-05 15:34:51"
"SSINL2001342","1","3","2014-03-05 16:03:16",,"2014-03-05 16:03:16"
"SSINL2001351","2","2","2014-03-06 05:39:00",,"2014-03-06 05:39:00"
"SSINL2001359","3","4","2014-03-06 09:15:48","True","2014-03-06 09:15:48"
"SSINL2001362","4","3","2014-03-06 10:11:29",,"2014-03-06 10:11:29"
"SSINL2001371","2","2","2014-03-06 10:46:11","True","2014-03-06 10:46:11"
"SSINL2001416","4","4","2014-03-06 17:13:31",,"2014-03-06 17:13:31"
"SSINL2001457","2","2","2014-03-07 10:50:18","True","2014-03-07 10:50:18"
"SSINL2001459","2","3","2014-03-07 11:31:07",,"2014-03-07 11:31:07"
"SSINL2001525","1","2","2014-03-09 19:45:19","True","2014-03-09 19:45:19"
"SSINL2001552","2","4","2014-03-10 11:55:42","True","2014-03-10 11:55:42"
"SSINL2001568","3","1","2014-03-10 13:36:25","True","2014-03-10 13:36:25"
"CINTNL3029894","1","4","2014-03-10 16:32:54","True","2014-03-10 16:32:54"
"SSINL2001601","1","3","2014-03-11 08:36:47","True","2014-03-11 08:36:47"
"SSINL2001621","2","2","2014-03-11 11:36:42","True","2014-03-11 11:36:42"
"SSINL2001623","3","3","2014-03-11 11:37:25",,"2014-03-11 11:37:25"
"CINTNL3034824","2","1","2014-03-11 12:04:27","True","2014-03-11 12:04:27"
"CINTNL3035362","2","4","2014-03-11 12:13:52","True","2014-03-11 12:13:52"
"CINTNL3035271","3","4","2014-03-11 12:24:33",,"2014-03-11 12:24:33"
"CINTNL3033256","2","3","2014-03-11 12:35:16","True","2014-03-11 12:35:16"
"CINTNL3033464","3","4","2014-03-11 12:45:50","True","2014-03-11 12:45:50"
"CINTNL3034935","2","4","2014-03-11 12:55:52","True","2014-03-11 12:55:52"
"CINTNL3037505","2","1","2014-03-11 13:18:43","True","2014-03-11 13:18:43"
"CINTNL3037878","1","1","2014-03-11 13:41:20","True","2014-03-11 13:41:20"
"CINTNL3037879","2","2","2014-03-11 14:08:02","True","2014-03-11 14:08:02"
"SSINL2001640","2","2","2014-03-11 14:07:08","True","2014-03-11 14:07:08"
"SSINL2001642","1","4","2014-03-11 14:16:59",,"2014-03-11 14:16:59"
"CINTNL3036260","3","3","2014-03-11 14:27:28",,"2014-03-11 14:27:28"
"CINTNL3035361","2","2","2014-03-11 15:04:50","True","2014-03-11 15:04:50"
"CINTNL3037880","3","2","2014-03-11 14:58:34","True","2014-03-11 14:58:34"
"SSINL2001665","1","1","2014-03-11 16:15:00","True","2014-03-11 16:15:00"
"CINTNL3036619","3","4","2014-03-11 16:47:19",,"2014-03-11 16:47:19"
"CINTNL3029904","3","2","2014-03-11 17:40:38","True","2014-03-11 17:40:38"
"CINTNL3036501","2","2","2014-03-11 18:14:59","True","2014-03-11 18:14:59"
"CINTNL3037253","2","3","2014-03-11 19:05:56",,"2014-03-11 19:05:56"
"CINTNL3037485","2","1","2014-03-12 04:03:05","True","2014-03-12 04:03:05"
"SSINL2001698","1","2","2014-03-12 04:35:17","True","2014-03-12 04:35:17"
"CINTNL3036085","3","1","2014-03-12 05:20:12","True","2014-03-12 05:20:12"
"SSINL2001727","4","2","2014-03-12 06:21:27","True","2014-03-12 06:21:27"
"SSINL2001737","2","1","2014-03-12 07:39:44","True","2014-03-12 07:39:44"
"SSINL2001755","2","3","2014-03-12 10:31:44",,"2014-03-12 10:31:44"
"CINTNL3033930","4","1","2014-03-12 13:29:42","True","2014-03-12 13:29:42"
"SSINL2001776","2","4","2014-03-12 14:03:48","True","2014-03-12 14:03:48"
"CINTNL3035118","2","2","2014-03-12 16:02:01","True","2014-03-12 16:02:01"
"SSINL2001759","4","1","2014-03-12 18:34:46","True","2014-03-12 18:34:46"
"CINTNL3039304","2","2","2014-03-13 05:30:40","True","2014-03-13 05:30:40"
"CINTNL3038836","4","2","2014-03-13 05:31:00","True","2014-03-13 05:31:00"
"CINTNL3039092","4","4","2014-03-13 05:43:28","True","2014-03-13 05:43:28"
"CINTNL3038687","3","3","2014-03-13 05:56:54","True","2014-03-13 05:56:54"
"CINTNL3038751","4","2","2014-03-13 05:52:30","True","2014-03-13 05:52:30"
"CINTNL3038394","2","4","2014-03-13 06:36:18","True","2014-03-13 06:36:18"
"CINTNL3039547","3","3","2014-03-13 07:20:03","True","2014-03-13 07:20:03"
"CINTNL3039174","4","4","2014-03-13 07:20:03","True","2014-03-13 07:20:03"
"CINTNL3039591","4","2","2014-03-13 07:59:55","True","2014-03-13 07:59:55"
"CINTNL3038289","1","4","2014-03-13 08:22:55",,"2014-03-13 08:22:55"
"CINTNL3038290","4","1","2014-03-13 09:06:46","True","2014-03-13 09:06:46"
"CINTNL3039541","1","3","2014-03-13 10:10:05","True","2014-03-13 10:10:05"
"CINTNL3039583","1","4","2014-03-13 10:33:03",,"2014-03-13 10:33:03"
"CINTNL3033929","3","2","2014-03-13 11:03:49","True","2014-03-13 11:03:49"
"CINTNL3038785","2","1","2014-03-13 12:27:08","True","2014-03-13 12:27:08"
"CINTNL3033473","2","1","2014-03-13 13:32:02","True","2014-03-13 13:32:02"
"SSINL2001832","1","4","2014-03-13 14:05:33",,"2014-03-13 14:05:33"
"CINTNL3039437","1","1","2014-03-13 15:44:13","True","2014-03-13 15:44:13"
"SSINL2001847","2","4","2014-03-13 16:34:20",,"2014-03-13 16:34:20"
"SSINL2001861","1","2","2014-03-13 18:03:19","True","2014-03-13 18:03:19"
"SSINL2001872","2","4","2014-03-14 06:07:48",,"2014-03-14 06:07:48"
"ERNL10020","4","4","2014-03-14 10:27:06","True","2014-03-14 10:27:06"
"CINTNL3033848","1","1","2014-03-14 15:46:54","True","2014-03-14 15:46:54"
"CINTNL3038703","3","2","2014-03-14 16:49:46","True","2014-03-14 16:49:46"
"SSINL2002011","2","2","2014-03-15 03:15:42",,"2014-03-15 03:15:42"
"SSINL2002110","2","3","2014-03-15 04:29:36","True","2014-03-15 04:29:36"
"SSINL2002172","4","4","2014-03-15 05:00:14","True","2014-03-15 05:00:14"
"SSINL2001197","2","1","2014-03-15 05:52:47","True","2014-03-15 05:52:47"
"SSINL2002314","3","4","2014-03-15 06:04:02","True","2014-03-15 06:04:02"
"SSINL2002345","3","1","2014-03-15 06:13:59","True","2014-03-15 06:13:59"
"SSINL2002350","3","2","2014-03-15 06:21:55","True","2014-03-15 06:21:55"
"SSINL2001598","4","1","2014-03-15 06:41:43","True","2014-03-15 06:41:43"
"SSINL2002424","2","4","2014-03-15 07:16:51","True","2014-03-15 07:16:51"
"SSINL2002533","3","1","2014-03-15 08:45:25",,"2014-03-15 08:45:25"
"SSINL2002568","3","2","2014-03-15 09:27:20","True","2014-03-15 09:27:20"
"SSINL2002575","1","2","2014-03-15 09:32:01","True","2014-03-15 09:32:01"
"SSINL2002588","3","3","2014-03-15 09:57:07",,"2014-03-15 09:57:07"
"SSINL2002593","3","4","2014-03-15 09:58:56",,"2014-03-15 09:58:56"
"SSINL2002639","3","1","2014-03-15 11:08:45","True","2014-03-15 11:08:45"
"SSINL2002650","3","3","2014-03-15 11:24:03","True","2014-03-15 11:24:03"
"SSINL2000599","2","1","2014-03-15 12:13:40","True","2014-03-15 12:13:40"
"SSINL2002701","3","1","2014-03-15 13:05:33","True","2014-03-15 13:05:33"
"SSINL2002754","2","4","2014-03-15 15:10:16","True","2014-03-15 15:10:16"
"SSINL2002759","3","1","2014-03-15 15:06:48","True","2014-03-15 15:06:48"
"SSINL2002784","2","3","2014-03-15 16:11:13","True","2014-03-15 16:11:13"
"SSINL2002827","3","2","2014-03-15 19:14:07","True","2014-03-15 19:14:07"
"SSINL2002828","2","1","2014-03-15 19:25:15","True","2014-03-15 19:25:15"
"SSINL2002847","2","3","2014-03-16 04:44:25","True","2014-03-16 04:44:25"
"SSINL2002854","2","1","2014-03-16 04:47:37","True","2014-03-16 04:47:37"
"SSINL2002869","3","1","2014-03-16 05:21:25","True","2014-03-16 05:21:25"
"SSINL2002864","3","4","2014-03-16 05:32:28","True","2014-03-16 05:32:28"
"SSINL2002881","3","4","2014-03-16 05:45:25",,"2014-03-16 05:45:25"
"SSINL2002892","2","4","2014-03-16 06:52:47",,"2014-03-16 06:52:47"
"SSINL2001146","2","3","2014-03-16 07:03:59",,"2014-03-16 07:03:59"
"SSINL2002957","3","4","2014-03-16 09:43:18",,"2014-03-16 09:43:18"
"SSINL2002961","1","3","2014-03-16 09:54:51",,"2014-03-16 09:54:51"
"SSINL2003037","3","4","2014-03-16 15:19:16",,"2014-03-16 15:19:16"
"SSINL2003052","1","2","2014-03-16 17:00:29","True","2014-03-16 17:00:29"
"SSINL2003054","3","1","2014-03-16 17:22:50","True","2014-03-16 17:22:50"
"SSINL2003057","1","4","2014-03-16 17:23:33",,"2014-03-16 17:23:33"
"CINTNL3033708","3","2","2014-03-16 20:36:26","True","2014-03-16 20:36:26"
"CINTNL3039645","4","1","2014-03-17 03:16:38","True","2014-03-17 03:16:38"
"CINTNL3039659","3","3","2014-03-17 04:48:56","True","2014-03-17 04:48:56"
"CINTNL3039730","4","4","2014-03-17 05:47:16","True","2014-03-17 05:47:16"
"CINTNL3039732","3","2","2014-03-17 05:14:04","True","2014-03-17 05:14:04"
"CINTNL3039815","1","1","2014-03-17 06:00:52","True","2014-03-17 06:00:52"
"CINTNL3039833","1","2","2014-03-17 06:19:00","True","2014-03-17 06:19:00"
"CINTNL3039895","2","1","2014-03-17 07:25:08","True","2014-03-17 07:25:08"
"CINTNL3039898","2","2","2014-03-17 07:24:51","True","2014-03-17 07:24:51"
"CINTNL3039891","3","3","2014-03-17 07:45:49","True","2014-03-17 07:45:49"
"SSINL2003117","3","4","2014-03-17 07:50:08",,"2014-03-17 07:50:08"
"CINTNL3039949","3","3","2014-03-17 08:35:25","True","2014-03-17 08:35:25"
"SSINL2001202","2","1","2014-03-17 08:34:38","True","2014-03-17 08:34:38"
"CINTNL3039957","2","2","2014-03-17 08:37:46","True","2014-03-17 08:37:46"
"CINTNL3039955","1","1","2014-03-17 08:39:22","True","2014-03-17 08:39:22"
"CINTNL3040006","1","4","2014-03-17 09:49:21","True","2014-03-17 09:49:21"
"CINTNL3040009","3","1","2014-03-17 09:48:50","True","2014-03-17 09:48:50"
"CINTNL3040062","1","2","2014-03-17 09:49:27","True","2014-03-17 09:49:27"
"CINTNL3040081","1","3","2014-03-17 09:51:36","True","2014-03-17 09:51:36"
"CINTNL3040194","1","1","2014-03-17 09:55:30","True","2014-03-17 09:55:30"
"CINTNL3040096","3","3","2014-03-17 10:00:41","True","2014-03-17 10:00:41"
"CINTNL3040011","3","3","2014-03-17 09:56:48","True","2014-03-17 09:56:48"
"CINTNL3040170","4","4","2014-03-17 09:57:05",,"2014-03-17 09:57:05"
"CINTNL3040059","2","4","2014-03-17 09:57:47",,"2014-03-17 09:57:47"
"CINTNL3040107","1","4","2014-03-17 10:07:27","True","2014-03-17 10:07:27"
"CINTNL3040278","4","2","2014-03-17 10:04:21","True","2014-03-17 10:04:21"
"CINTNL3040273","2","4","2014-03-17 10:10:41","True","2014-03-17 10:10:41"
"CINTNL3040209","1","1","2014-03-17 10:08:29","True","2014-03-17 10:08:29"
"CINTNL3040280","2","1","2014-03-17 10:06:12","True","2014-03-17 10:06:12"
"CINTNL3040296","2","4","2014-03-17 10:05:36",,"2014-03-17 10:05:36"
"CINTNL3040291","1","2","2014-03-17 10:09:19","True","2014-03-17 10:09:19"
"CINTNL3040306","2","2","2014-03-17 10:16:00","True","2014-03-17 10:16:00"
"CINTNL3040313","3","1","2014-03-17 10:11:50","True","2014-03-17 10:11:50"
"CINTNL3040367","1","4","2014-03-17 10:32:15","True","2014-03-17 10:32:15"
"CINTNL3040357","3","2","2014-03-17 10:37:25","True","2014-03-17 10:37:25"
"CINTNL3040463","1","1","2014-03-17 10:38:45","True","2014-03-17 10:38:45"
"CINTNL3040525","3","3","2014-03-17 10:52:08",,"2014-03-17 10:52:08"
"CINTNL3040536","1","2","2014-03-17 10:57:55","True","2014-03-17 10:57:55"
"CINTNL3040558","3","3","2014-03-17 11:04:11","True","2014-03-17 11:04:11"
"SSINL2003144","1","1","2014-03-17 11:08:08","True","2014-03-17 11:08:08"
"CINTNL3040622","2","2","2014-03-17 11:16:46","True","2014-03-17 11:16:46"
"CINTNL3040638","3","2","2014-03-17 11:11:13",,"2014-03-17 11:11:13"
"CINTNL3040665","3","4","2014-03-17 11:26:04","True","2014-03-17 11:26:04"
"CINTNL3040697","2","4","2014-03-17 11:32:42","True","2014-03-17 11:32:42"
"CINTNL3040687","3","1","2014-03-17 11:32:03","True","2014-03-17 11:32:03"
"CINTNL3040726","4","2","2014-03-17 11:35:57","True","2014-03-17 11:35:57"
"CINTNL3035569","3","2","2014-03-17 11:43:54","True","2014-03-17 11:43:54"
"CINTNL3040749","1","2","2014-03-17 11:42:46",,"2014-03-17 11:42:46"
"CINTNL3040801","4","1","2014-03-17 11:43:57","True","2014-03-17 11:43:57"
"CINTNL3040825","1","4","2014-03-17 11:56:35","True","2014-03-17 11:56:35"
"CINTNL3040850","3","3","2014-03-17 12:45:19","True","2014-03-17 12:45:19"
"CINTNL3040855","1","2","2014-03-17 11:56:27",,"2014-03-17 11:56:27"
"CINTNL3040984","4","1","2014-03-17 12:19:35","True","2014-03-17 12:19:35"
"CINTNL3041022","1","2","2014-03-17 12:32:29","True","2014-03-17 12:32:29"
"CINTNL3041105","4","2","2014-03-17 12:46:14",,"2014-03-17 12:46:14"
"CINTNL3041102","3","1","2014-03-17 14:46:45","True","2014-03-17 14:46:45"
"CINTNL3041237","4","1","2014-03-17 12:57:05",,"2014-03-17 12:57:05"
"CINTNL3041298","1","2","2014-03-17 13:14:57","True","2014-03-17 13:14:57"
"CINTNL3041274","3","3","2014-03-17 13:16:24",,"2014-03-17 13:16:24"
"CINTNL3041367","2","2","2014-03-17 13:27:05","True","2014-03-17 13:27:05"
"CINTNL3041362","3","2","2014-03-17 13:27:23","True","2014-03-17 13:27:23"
"CINTNL3041256","2","4","2014-03-17 13:25:31",,"2014-03-17 13:25:31"
"CINTNL3041323","4","2","2014-03-17 13:29:49","True","2014-03-17 13:29:49"
"CINTNL3040895","3","2","2014-03-17 13:32:05","True","2014-03-17 13:32:05"
"CINTNL3041392","2","4","2014-03-17 13:41:40","True","2014-03-17 13:41:40"
"CINTNL3041049","2","2","2014-03-17 13:36:58","True","2014-03-17 13:36:58"
"CINTNL3041358","3","2","2014-03-17 13:43:52","True","2014-03-17 13:43:52"
"CINTNL3041496","1","3","2014-03-17 13:43:27",,"2014-03-17 13:43:27"
"CINTNL3041470","2","4","2014-03-17 13:45:07",,"2014-03-17 13:45:07"
"CINTNL3041527","2","4","2014-03-17 14:01:45","True","2014-03-17 14:01:45"
"CINTNL3041550","2","3","2014-03-17 14:01:46",,"2014-03-17 14:01:46"
"CINTNL3041546","4","2","2014-03-17 14:06:11","True","2014-03-17 14:06:11"
"CINTNL3041568","2","3","2014-03-17 14:14:57","True","2014-03-17 14:14:57"
"CINTNL3041703","2","2","2014-03-17 14:29:33","True","2014-03-17 14:29:33"
"CINTNL3041728","3","3","2014-03-17 14:32:50","True","2014-03-17 14:32:50"
"CINTNL3041749","2","3","2014-03-17 14:31:30",,"2014-03-17 14:31:30"
"CINTNL3041740","1","4","2014-03-17 14:32:28",,"2014-03-17 14:32:28"
"CINTNL3041688","2","4","2014-03-17 14:48:16","True","2014-03-17 14:48:16"
"CINTNL3041499","3","4","2014-03-17 14:46:21","True","2014-03-17 14:46:21"
"CINTNL3041800","4","1","2014-03-17 14:45:35","True","2014-03-17 14:45:35"
"CINTNL3041775","3","2","2014-03-17 14:47:43","True","2014-03-17 14:47:43"
"CINTNL3041833","4","3","2014-03-17 14:51:32",,"2014-03-17 14:51:32"
"CINTNL3041837","4","4","2014-03-17 14:59:45","True","2014-03-17 14:59:45"
"CINTNL3041834","2","2","2014-03-17 14:56:37","True","2014-03-17 14:56:37"
"CINTNL3041842","2","3","2014-03-17 15:31:30","True","2014-03-17 15:31:30"
"CINTNL3041894","3","4","2014-03-17 15:11:36","True","2014-03-17 15:11:36"
"CINTNL3041885","4","1","2014-03-17 15:09:01","True","2014-03-17 15:09:01"
"CINTNL3041887","4","3","2014-03-17 15:08:17",,"2014-03-17 15:08:17"
"CINTNL3041900","3","1","2014-03-17 15:13:13","True","2014-03-17 15:13:13"
"CINTNL3041927","4","1","2014-03-17 15:14:30","True","2014-03-17 15:14:30"
"CINTNL3041956","4","4","2014-03-17 15:38:37","True","2014-03-17 15:38:37"
"CINTNL3041943","3","2","2014-03-17 15:21:14","True","2014-03-17 15:21:14"
"SSINL2003197","2","4","2014-03-17 15:27:26","True","2014-03-17 15:27:26"
"CINTNL3042002","2","2","2014-03-17 15:27:41","True","2014-03-17 15:27:41"
"CINTNL3042084","2","3","2014-03-17 15:47:08",,"2014-03-17 15:47:08"
"CINTNL3042091","3","2","2014-03-17 16:07:13","True","2014-03-17 16:07:13"
"CINTNL3042164","2","3","2014-03-17 16:10:46","True","2014-03-17 16:10:46"
"SSINL2003209","1","2","2014-03-17 16:22:06",,"2014-03-17 16:22:06"
"SSINL2003207","2","4","2014-03-17 16:23:24",,"2014-03-17 16:23:24"
"CINTNL3042194","3","3","2014-03-17 16:24:34",,"2014-03-17 16:24:34"
"CINTNL3042320","2","4","2014-03-17 17:01:34","True","2014-03-17 17:01:34"
"CINTNL3042396","4","4","2014-03-17 17:27:32",,"2014-03-17 17:27:32"
"CINTNL3042496","2","2","2014-03-17 18:01:30","True","2014-03-17 18:01:30"
"CINTNL3042521","4","3","2014-03-17 18:41:22","True","2014-03-17 18:41:22"
"CINTNL3042520","2","1","2014-03-17 18:28:01","True","2014-03-17 18:28:01"
"SSINL2003222","1","4","2014-03-17 18:58:47","True","2014-03-17 18:58:47"
"CINTNL3042602","1","3","2014-03-17 19:00:46",,"2014-03-17 19:00:46"
"CINTNL3042604","1","1","2014-03-17 19:02:13","True","2014-03-17 19:02:13"
"CINTNL3042616","1","4","2014-03-17 19:15:45","True","2014-03-17 19:15:45"
"CINTNL3042613","3","1","2014-03-17 19:25:18","True","2014-03-17 19:25:18"
"CINTNL3042669","1","3","2014-03-17 20:17:04",,"2014-03-17 20:17:04"
"CINTNL3042710","3","2","2014-03-18 02:11:17","True","2014-03-18 02:11:17"
"CINTNL3042763","2","2","2014-03-18 03:07:23","True","2014-03-18 03:07:23"
"CINTNL3042767","1","2","2014-03-18 03:09:16","True","2014-03-18 03:09:16"
"CINTNL3042790","4","4","2014-03-18 03:42:50","True","2014-03-18 03:42:50"
"CINTNL3042840","2","3","2014-03-18 04:02:59","True","2014-03-18 04:02:59"
"CINTNL3042846","3","3","2014-03-18 03:56:21",,"2014-03-18 03:56:21"
"CINTNL3042949","1","3","2014-03-18 05:05:16","True","2014-03-18 05:05:16"
"CINTNL3042963","1","4","2014-03-18 05:08:44",,"2014-03-18 05:08:44"
"CINTNL3043009","2","2","2014-03-18 05:17:26","True","2014-03-18 05:17:26"
"CINTNL3043049","3","2","2014-03-18 05:38:03","True","2014-03-18 05:38:03"
"CINTNL3043023","1","1","2014-03-18 05:41:16","True","2014-03-18 05:41:16"
"CINTNL3042997","1","4","2014-03-18 05:45:32",,"2014-03-18 05:45:32"
"CINTNL3043080","1","4","2014-03-18 06:11:42","True","2014-03-18 06:11:42"
"CINTNL3043131","2","2","2014-03-18 06:18:23","True","2014-03-18 06:18:23"
"CINTNL3043083","1","3","2014-03-18 06:26:37","True","2014-03-18 06:26:37"
"CINTNL3043135","1","1","2014-03-18 06:24:33","True","2014-03-18 06:24:33"
"CINTNL3043193","3","3","2014-03-18 06:50:53","True","2014-03-18 06:50:53"
"CINTNL3043005","4","1","2014-03-18 07:02:46","True","2014-03-18 07:02:46"
"CINTNL3043237","3","1","2014-03-18 07:25:15","True","2014-03-18 07:25:15"
"CINTNL3043283","4","4","2014-03-18 07:34:57",,"2014-03-18 07:34:57"
"CINTNL3043277","4","3","2014-03-18 07:39:32",,"2014-03-18 07:39:32"
"CINTNL3043350","2","2","2014-03-18 08:17:37",,"2014-03-18 08:17:37"
"CINTNL3043370","2","1","2014-03-18 08:43:23","True","2014-03-18 08:43:23"
"CINTNL3043403","2","4","2014-03-18 08:59:53",,"2014-03-18 08:59:53"
"CINTNL3043546","1","2","2014-03-18 10:50:38","True","2014-03-18 10:50:38"
"CINTNL3043556","3","3","2014-03-18 10:54:05","True","2014-03-18 10:54:05"
"CINTNL3043531","3","1","2014-03-18 10:49:47","True","2014-03-18 10:49:47"
"CINTNL3043555","4","2","2014-03-18 10:54:15","True","2014-03-18 10:54:15"
"CINTNL3043621","4","4","2014-03-18 11:29:17",,"2014-03-18 11:29:17"
"CINTNL3043638","2","1","2014-03-18 11:42:19","True","2014-03-18 11:42:19"
"CINTNL3043702","2","2","2014-03-18 12:30:08","True","2014-03-18 12:30:08"
"SSINL2003278","3","3","2014-03-18 12:32:29","True","2014-03-18 12:32:29"
"CINTNL3043715","1","1","2014-03-18 13:18:26","True","2014-03-18 13:18:26"
"CINTNL3043731","2","1","2014-03-18 13:16:54","True","2014-03-18 13:16:54"
"CINTNL3043764","1","2","2014-03-18 13:49:26","True","2014-03-18 13:49:26"
"CINTNL3043798","1","4","2014-03-18 14:28:30","True","2014-03-18 14:28:30"
"CINTNL3043811","3","3","2014-03-18 14:23:08",,"2014-03-18 14:23:08"
"CINTNL3043835","2","4","2014-03-18 14:42:01","True","2014-03-18 14:42:01"
"CINTNL3043851","3","2","2014-03-18 15:14:00","True","2014-03-18 15:14:00"
"CINTNL3043883","3","2","2014-03-18 15:25:38","True","2014-03-18 15:25:38"
"CINTNL3043934","4","2","2014-03-18 16:21:18","True","2014-03-18 16:21:18"
"CINTNL3043985","3","2","2014-03-18 17:14:58","True","2014-03-18 17:14:58"
"CINTNL3044049","4","3","2014-03-18 19:26:58","True","2014-03-18 19:26:58"
"CINTNL3044063","2","1","2014-03-18 22:36:24","True","2014-03-18 22:36:24"
"CINTNL3044071","3","4","2014-03-19 02:13:11",,"2014-03-19 02:13:11"
"CINTNL3044116","4","2","2014-03-19 04:29:39","True","2014-03-19 04:29:39"
"CINTNL3044160","4","4","2014-03-19 05:52:29","True","2014-03-19 05:52:29"
"CINTNL3044186","3","3","2014-03-19 06:32:07",,"2014-03-19 06:32:07"
"CINTNL3044239","1","1","2014-03-19 08:45:15","True","2014-03-19 08:45:15"
"CINTNL3044248","3","1","2014-03-19 08:55:30","True","2014-03-19 08:55:30"
"CINTNL3027248","4","4","2014-03-19 10:25:48","True","2014-03-19 10:25:48"
"SSINL2003336","4","2","2014-03-19 10:19:01","True","2014-03-19 10:19:01"
"SSINL2003335","2","3","2014-03-19 10:21:11","True","2014-03-19 10:21:11"
"SSINL2003338","4","1","2014-03-19 10:57:46","True","2014-03-19 10:57:46"
"CINTNL3044326","4","3","2014-03-19 12:23:56","True","2014-03-19 12:23:56"
"CINTNL3044313","2","2","2014-03-19 13:19:18","True","2014-03-19 13:19:18"
"CINTNL3044354","3","4","2014-03-19 14:08:01",,"2014-03-19 14:08:01"
"CINTNL3044311","2","2","2014-03-19 14:34:06","True","2014-03-19 14:34:06"
"CINTNL3044360","2","4","2014-03-19 14:54:35","True","2014-03-19 14:54:35"
"CINTNL3044369","1","1","2014-03-19 15:22:01","True","2014-03-19 15:22:01"
"SSINL2003352","1","3","2014-03-19 15:41:36","True","2014-03-19 15:41:36"
"CINTNL3044451","3","2","2014-03-20 04:34:19","True","2014-03-20 04:34:19"
"CINTNL3044478","2","3","2014-03-20 07:53:30","True","2014-03-20 07:53:30"
"CINTNL3033855","3","2","2014-03-20 10:27:40","True","2014-03-20 10:27:40"
"CINTNL3044504","1","4","2014-03-20 12:00:47","True","2014-03-20 12:00:47"
